,year,cluster_reviewed,5/15,5/16,5/17,5/18,5/19,5/20,5/21,5/22,5/23,5/24,5/25,5/26,reviewer,notes
0,2021,RK001_0,1,1,1,1,1,1,1,1,1,1,1,1,SL,
0,2022,RK001_0,1,1,1,1,1,1,1,1,1,1,1,1,SL,
0,2023,RK001_0,,,,,,,,,,,,,SL,
0,2024,RK001_0,,,,,,,,,,,,,SL,
1,2021,RK001_1,,,,,,,,,,,,,SL,
1,2022,RK001_1,,,,,,,,,,,,,SL,
1,2023,RK001_1,1,1,1,1,1,1,1,1,1,1,1,1,SL,
1,2024,RK001_1,1,1,1,1,1,1,1,1,1,1,1,1,SL,
2,2021,RK001_3,1,1,1,1,1,1,,1,1,,1,1,SL,
2,2022,RK001_3,,,,,,,,,,,,,SL,
2,2023,RK001_3,,,,,,,,,,,,,SL,
2,2024,RK001_3,,,,,,,,,,,,,SL,
3,2021,RK001_5,,,,,,,,,,,,,SL,
3,2022,RK001_5,,1,1,,,1,1,1,1,1,1,1,SL,
3,2023,RK001_5,,,,,,1,1,,,,,,SL,
3,2024,RK001_5,1,1,,1,1,1,1,1,1,1,1,1,SL,
4,2021,RK004_0,,,,,,,,,,,,,SL,
4,2022,RK004_0,,,,,1,1,1,1,1,1,1,1,SL,
4,2023,RK004_0,,,1,1,1,1,1,1,1,1,1,1,SL,
4,2024,RK004_0,,1,1,1,,,,,,,,,SL,
5,2021,RK004_1,,,,,,,,,,,,,SL,
5,2022,RK004_1,,,,,,,,,,,,,SL,
5,2023,RK004_1,,,,,,,,,,,,,SL,
5,2024,RK004_1,1,1,,,,1,1,1,1,1,1,1,SL,
6,2021,RK004_3,,,,,,,,,,,,,SL,
6,2022,RK004_3,1,,,,,,,,,,1,1,SL,
6,2023,RK004_3,,,,,,,,,,,,,SL,
6,2024,RK004_3,,,,,,,,,,,,,SL,
7,2021,RK004_4,,1,1,,1,1,1,,,1,,,SL,
7,2022,RK004_4,1,1,1,1,1,1,1,1,1,1,1,1,SL,
7,2023,RK004_4,,,,,,,,,,,,,SL,
7,2024,RK004_4,,,,,,,,,,,,,SL,
8,2021,RK007_0,1,1,,1,,,1,1,,1,1,1,SL,
8,2022,RK007_0,1,1,1,1,1,1,1,1,1,1,1,1,SL,
8,2023,RK007_0,,,,,,,,,,,,,SL,
8,2024,RK007_0,,,,,,,,,,,,,SL,
9,2021,RK007_1,,,,,,,,,,,,,SL,
9,2022,RK007_1,,,,,,,,,,,,,SL,
9,2023,RK007_1,,,,,,,,,,,,,SL,
9,2024,RK007_1,1,1,1,1,1,1,1,1,1,1,1,,SL,
10,2021,RK007_2,,,,,,,,,,,,,SL,
10,2022,RK007_2,,,,,,,,,,,,,SL,
10,2023,RK007_2,,,,,1,1,1,1,1,1,1,1,SL,
10,2024,RK007_2,,,,,,,,,,,,,SL,
11,2021,RK007_3,1,1,1,,1,,1,1,1,1,1,,SL,
11,2022,RK007_3,1,1,1,,1,1,1,1,1,1,1,,SL,
11,2023,RK007_3,,1,1,1,1,1,1,,1,,,,SL,
11,2024,RK007_3,,,,,,,,,,,,,SL,
12,2021,RK007_5,,,,,,,,,,,,,SL,
12,2022,RK007_5,,,,,,,,,,,,,SL,
12,2023,RK007_5,,,,,,,,,0,1,1,1,SL,
12,2024,RK007_5,,,,,,,,,,,,,SL,
13,2021,RK010_0,,,,,,,,,,,,,SL,
13,2022,RK010_0,,,,,,,1,,,,,1,SL,
13,2023,RK010_0,,,,,1,1,1,,,,,,SL,
13,2024,RK010_0,,,,,1,1,,1,,1,1,1,SL,
14,2021,RK010_2,,,,,,,,,,,,,SL,
14,2022,RK010_2,1,1,1,1,1,1,1,1,1,1,1,1,SL,
14,2023,RK010_2,,,,,,,,,,,,,SL,
14,2024,RK010_2,,,,,,,,,,,,,SL,
15,2021,RK010_3,1,,1,1,,,1,,1,1,1,1,SL,
15,2022,RK010_3,1,,1,,,1,1,1,1,1,1,1,SL,
15,2023,RK010_3,1,1,1,1,1,1,1,1,1,1,1,1,SL,
15,2024,RK010_3,1,1,1,1,1,,1,1,1,1,1,1,SL,
16,2021,RK010_4,,,,,,,,,,,,,SL,
16,2022,RK010_4,1,1,1,1,1,1,1,1,1,1,1,1,SL,
16,2023,RK010_4,,,,,,,,,,,,,SL,
16,2024,RK010_4,,,,,,,,,,,,,SL,
17,2021,RK016_0,,,,,,,,,,,,,SL,
17,2022,RK016_0,1,1,1,,1,1,1,1,,1,1,1,SL,
17,2023,RK016_0,1,1,1,,,1,1,1,1,1,1,1,SL,
17,2024,RK016_0,,,,,,,,,,,,,SL,
18,2021,RK016_1,1,1,1,1,1,1,1,1,1,1,1,1,SL,
18,2022,RK016_1,,,,,,,,,,,,,SL,
18,2023,RK016_1,,,,,,,,,,,,,SL,
18,2024,RK016_1,,,,,,,,,,,,,SL,
19,2021,RK016_2,,,,,,,,,,,,,SL,
19,2022,RK016_2,,,,,,,,,,,,,SL,
19,2023,RK016_2,,,,,,,,,,,,,SL,
19,2024,RK016_2,,1,1,1,1,1,1,1,1,1,1,1,SL,
20,2021,RK016_3,,,,,,,,,,,,,SL,
20,2022,RK016_3,1,,,,1,1,1,1,1,1,1,1,SL,
20,2023,RK016_3,,,,,,,,,,,,,SL,
20,2024,RK016_3,,,,,1,,,,,,,,SL,
21,2021,RK016_5,,,,,,,,,,,,,SL,
21,2022,RK016_5,,,,,,,,,,,,,SL,
21,2023,RK016_5,1,1,1,1,,,,1,1,1,1,1,SL,
21,2024,RK016_5,,,,,,,,,,,,,SL,
22,2021,RK062_0,1,1,1,1,1,,1,1,1,1,1,1,SL,
22,2022,RK062_0,1,,1,1,,1,1,1,1,1,1,1,SL,
22,2023,RK062_0,1,1,1,1,1,1,1,1,1,1,1,1,SL,
22,2024,RK062_0,1,1,1,1,1,1,1,1,,,,,SL,
23,2021,RK062_1,,,,,,,,,,,,,SL,
23,2022,RK062_1,1,,1,,1,1,1,1,1,1,1,1,SL,
23,2023,RK062_1,,,,,,1,,,,,1,,SL,
23,2024,RK062_1,,,,,,,,,,,,,SL,
24,2021,RK062_2,1,1,1,1,1,1,1,,,1,1,1,SL,
24,2022,RK062_2,,,1,1,1,1,,,1,,1,1,SL,
24,2023,RK062_2,,1,,,,,,1,,,,1,SL,
24,2024,RK062_2,,1,1,1,1,1,1,1,1,1,1,1,SL,
25,2021,RK062_4,,,,,,,,,,,,,SL,
25,2022,RK062_4,,,,,,1,1,1,1,,,,SL,
25,2023,RK062_4,,,,,,,,,,,,,SL,
25,2024,RK062_4,,,,,,,,,,,,,SL,
26,2021,RK062_5,,,,,,,,,,,,,SL,
26,2022,RK062_5,1,1,1,1,,,,,,,,,SL,
26,2023,RK062_5,,,,,,,,,,,,,SL,
26,2024,RK062_5,,,,,,,,,,,,,SL,
27,2021,RK063_0,,,,,,,,,,,,,SL,
27,2022,RK063_0,,,1,,,1,1,1,1,1,1,1,SL,
27,2023,RK063_0,,,,,,,,,,,,,SL,
27,2024,RK063_0,,,,,,,,,,,,,SL,
28,2021,RK063_1,,,,,,,,,,,,,SL,
28,2022,RK063_1,1,,,,,,1,,1,1,,1,SL,
28,2023,RK063_1,,,,,,,,,,,,,SL,
28,2024,RK063_1,,,,,,,,,,,,,SL,
29,2021,RK063_2,,,,,,1,1,,,1,1,1,SL,
29,2022,RK063_2,1,,,1,,,,1,1,1,1,1,SL,
29,2023,RK063_2,,,,,,,1,,,,,,SL,
29,2024,RK063_2,,,,,,,,,,,,,SL,
30,2021,RK063_3,,,,,,,,,,,,,SL,
30,2022,RK063_3,,,,,,,,,,,,,SL,
30,2023,RK063_3,,,,,,,,,,,,,SL,
30,2024,RK063_3,1,1,,,1,,,,,,,,SL,
31,2021,RK065_0,,,,,,,,,,,,,SL,
31,2022,RK065_0,1,1,,,,1,1,1,,,1,1,SL,
31,2023,RK065_0,1,1,1,,,1,1,1,,,,,SL,
31,2024,RK065_0,1,1,1,1,1,1,1,1,1,1,1,1,SL,
32,2021,RK065_1,0,1,1,1,1,1,,,,1,,1,SL,
32,2022,RK065_1,,,,,,,,,,,,,SL,
32,2023,RK065_1,,,,,,,,,,,,,SL,
32,2024,RK065_1,,,,,,,,,,,,,SL,
33,2021,RK065_2,1,1,,1,,,1,1,1,1,1,1,SL,
33,2022,RK065_2,1,1,,,1,1,1,1,1,1,1,1,SL,
33,2023,RK065_2,1,1,1,,1,1,1,1,,1,1,1,SL,
33,2024,RK065_2,1,1,1,1,1,1,1,1,,1,1,,SL,
34,2021,RK065_3,1,1,1,1,1,1,1,1,1,1,1,1,SL,
34,2022,RK065_3,1,1,,1,,1,1,1,1,1,1,1,SL,
34,2023,RK065_3,,,1,,,,,,,,,,SL,
34,2024,RK065_3,,,,,,,,,,,,,SL,
35,2021,RK065_4,1,1,1,1,1,1,,,,,,,SL,
35,2022,RK065_4,1,1,1,1,1,1,1,1,1,1,1,1,SL,
35,2023,RK065_4,1,1,1,1,1,1,,1,,1,1,1,SL,
35,2024,RK065_4,,,1,1,,,1,,,,1,,SL,
36,2021,RK1003_0,1,1,1,1,1,1,1,1,1,1,1,1,SL,
36,2022,RK1003_0,,,,,,,,,,,,,SL,
36,2023,RK1003_0,,,,,,,,,,,,,SL,
36,2024,RK1003_0,,,,,,,,,,,,,SL,
37,2021,RK1003_1,,,,,,,,,,,,,SL,
37,2022,RK1003_1,,,,1,1,,,1,,1,1,1,SL,
37,2023,RK1003_1,,1,,,,1,,1,,,,,SL,
37,2024,RK1003_1,,,,,,,,,,,,,SL,
38,2021,RK1003_3,,,,,,,,,,,,,SL,
38,2022,RK1003_3,1,1,1,1,1,1,1,1,1,1,1,1,SL,
38,2023,RK1003_3,1,1,1,1,1,1,1,1,1,1,1,1,SL,
38,2024,RK1003_3,,,,,,,,,,,,,SL,
39,2021,RK1003_4,,,,,,,,,,,,,SL,
39,2022,RK1003_4,,,,,,,,,,,,,SL,
39,2023,RK1003_4,,,,,1,1,1,1,,1,,,SL,
39,2024,RK1003_4,,,,,,,,,,,,,SL,
40,2021,RK1009_0,,,,,,,,,,,,,SL,
40,2022,RK1009_0,,,,,,,,,,,,,SL,
40,2023,RK1009_0,1,,,,,,,,,,,,SL,
40,2024,RK1009_0,,,,,,,,,,,,,SL,
41,2021,RK1010_0,,,,,,,,,,,,,SL,
41,2022,RK1010_0,1,1,1,1,1,1,1,1,1,1,1,1,SL,
41,2023,RK1010_0,,,,,,,,,,,,,SL,
41,2024,RK1010_0,,,,,,,,,,,,,SL,
42,2021,RK1010_3,,,,,,,1,1,1,1,,,SL,
42,2022,RK1010_3,,1,,,1,,1,,,,1,1,SL,
42,2023,RK1010_3,1,1,1,1,1,1,1,,1,,1,1,SL,
42,2024,RK1010_3,1,1,1,,1,1,1,1,1,,1,1,SL,
43,2021,RK1013_0,,,,,,,,,,,,,SL,
43,2022,RK1013_0,1,1,1,1,1,1,1,1,1,1,1,1,SL,
43,2023,RK1013_0,1,1,1,1,1,1,1,1,1,1,1,1,SL,
43,2024,RK1013_0,,,,,,,,,,,,,SL,
44,2021,RK1013_2,,,,,,,,,,,,,SL,
44,2022,RK1013_2,,1,1,1,1,,1,,,,1,1,SL,
44,2023,RK1013_2,1,1,1,1,1,,1,1,1,,1,1,SL,
44,2024,RK1013_2,,,1,,,1,,,,,,1,SL,
45,2021,RK1013_3,,,,,,,,,,,,,SL,
45,2022,RK1013_3,,,,,,,,,,,,,SL,
45,2023,RK1013_3,,,,,,,,,,,,,SL,
45,2024,RK1013_3,1,1,1,1,1,1,1,1,1,1,1,1,SL,
46,2021,RK1013_4,1,1,1,1,1,1,1,1,1,1,1,1,SL,
46,2022,RK1013_4,,,,,,,,,,,,,SL,
46,2023,RK1013_4,,,,,,,,,,,,,SL,
46,2024,RK1013_4,,,,,,,,,,,,,SL,
47,2021,RK1013_5,1,1,1,1,1,1,1,1,1,1,1,1,SL,
47,2022,RK1013_5,,,,,,,,,,,,,SL,
47,2023,RK1013_5,,,,,,,,,,,,,SL,
47,2024,RK1013_5,,,,,,,,,,,,,SL,
48,2021,RK1015_0,1,1,1,1,1,1,1,1,1,1,1,1,SL,
48,2022,RK1015_0,,,,,,,,,,,,,SL,
48,2023,RK1015_0,,,,,,,,,,,,,SL,
48,2024,RK1015_0,,,,,,,,,,,,,SL,
49,2021,RK1015_1,,,,,,,,,,,,,SL,
49,2022,RK1015_1,,,,1,1,,,1,1,,,,SL,
49,2023,RK1015_1,,,,,,,1,1,1,1,,,SL,
49,2024,RK1015_1,,,1,,1,1,1,1,1,,1,,SL,
50,2021,RK1018_0,,,,,,,,,,,,,SL,
50,2022,RK1018_0,,,,,,,,,,,,,SL,
50,2023,RK1018_0,1,,,,,,,,,,,,SL,
50,2024,RK1018_0,,,,,,,,,,,,,SL,
51,2021,RK1018_1,,,,,,,,,,,,,SL,
51,2022,RK1018_1,,,,,,,,,,,,,SL,
51,2023,RK1018_1,,,,,,,,,,,,,SL,
51,2024,RK1018_1,1,1,1,1,1,1,1,1,1,,1,1,SL,
52,2021,RK1021_0,,,,,,,,,,,,,SL,
52,2022,RK1021_0,,,,,,,,,,,1,,SL,
52,2023,RK1021_0,1,1,1,1,1,1,1,1,1,1,1,1,SL,
52,2024,RK1021_0,,1,,,1,1,,,,,,1,SL,
53,2021,RK1021_1,,,,,,,,,,,,,SL,
53,2022,RK1021_1,,,1,,1,1,1,1,1,,,,SL,
53,2023,RK1021_1,,,,,,,,,,,,,SL,
53,2024,RK1021_1,,,,,,,,,,,,,SL,
54,2021,RK1021_2,1,1,1,1,,,1,1,,,,,SL,
54,2022,RK1021_2,,,,,,,,,,,,,SL,
54,2023,RK1021_2,,,,,,,,,,,,,SL,
54,2024,RK1021_2,,,,,,,,,,,,,SL,
55,2021,RK1021_3,,,,,,,,,,,,,SL,
55,2022,RK1021_3,,,,,,,,,,,,,SL,
55,2023,RK1021_3,1,1,,,1,1,1,1,1,1,,1,SL,
55,2024,RK1021_3,,,,,,,,,,,,,SL,
56,2021,RK1022_0,,,,,,,,,,,,,SL,
56,2022,RK1022_0,,,,,,,,,,,,,SL,
56,2023,RK1022_0,,,,,,,,,,,,,SL,
56,2024,RK1022_0,1,1,1,1,1,1,1,1,1,1,1,1,SL,
57,2021,RK1022_1,1,1,,,,,,,,,,,SL,
57,2022,RK1022_1,,1,1,1,1,,,,,,,,SL,
57,2023,RK1022_1,1,1,1,1,1,1,1,1,1,1,,1,SL,
57,2024,RK1022_1,,,,,,,1,,,,,1,SL,
58,2021,RK1022_2,,,,,,,,,,,,,SL,
58,2022,RK1022_2,,,,,,,,,,,,,SL,
58,2023,RK1022_2,,,,,,,,,,,,,SL,
58,2024,RK1022_2,1,1,1,1,,1,1,1,,1,,,SL,
59,2021,RK1024_0,,,,,,,,,,,,,SL,
59,2022,RK1024_0,,,,,1,1,1,1,1,1,1,1,SL,
59,2023,RK1024_0,,,1,,,1,,,,1,1,,SL,
59,2024,RK1024_0,,,,,,,,,,,,,SL,
60,2021,RK1026_0,,,,,,,,,,,,,SL,
60,2022,RK1026_0,,,,,,,,,,,,,SL,
60,2023,RK1026_0,1,1,1,1,1,1,,,1,,,,SL,
60,2024,RK1026_0,1,1,1,1,1,1,1,1,1,1,1,1,SL,
61,2021,RK1026_1,1,1,1,1,1,1,1,,,,,,SL,
61,2022,RK1026_1,,1,1,,1,1,1,1,1,1,1,1,SL,
61,2023,RK1026_1,,,1,,,1,,,1,1,,,SL,
61,2024,RK1026_1,,1,1,1,1,1,,,,,,,SL,
62,2021,RK1029_0,1,1,1,1,1,1,1,1,1,,1,1,SL,
62,2022,RK1029_0,,,1,,,,,1,,,,,SL,
62,2023,RK1029_0,,,,,,,,,,,,,SL,
62,2024,RK1029_0,,,,,,,,,,,,,SL,
63,2021,RK1029_1,,,,,,,,,,,,,SL,
63,2022,RK1029_1,,,,,,,,,,,,,SL,
63,2023,RK1029_1,,1,,,,,,,1,,,1,SL,
63,2024,RK1029_1,,1,1,1,,,,,,,,,SL,
64,2021,RK1031_0,1,1,1,1,1,1,1,1,1,1,1,1,SL,
64,2022,RK1031_0,1,1,1,1,1,1,1,1,1,1,1,1,SL,
64,2023,RK1031_0,1,1,1,1,1,1,1,1,1,1,1,1,SL,
64,2024,RK1031_0,,,,,,,,,,,,,SL,
65,2021,RK1031_1,1,1,,1,1,1,1,1,1,1,1,1,SL,
65,2022,RK1031_1,,,,,,,,,,,,,SL,
65,2023,RK1031_1,,,,,,,,,,,,,SL,
65,2024,RK1031_1,,,,,,,,,,,,,SL,
66,2021,RK1031_2,,,,,,,,,,,,,SL,
66,2022,RK1031_2,,,,,,,,,,,,,SL,
66,2023,RK1031_2,,,,,,,,,,,,,SL,
66,2024,RK1031_2,1,1,1,1,,,1,,1,1,,,SL,
67,2021,RK1033_1,1,1,1,1,1,1,1,1,1,1,1,1,SL,
67,2022,RK1033_1,,,,1,1,1,1,1,,,,,SL,
67,2023,RK1033_1,,,,,,,,,,,,,SL,
67,2024,RK1033_1,,,,,,,,,,,,,SL,
68,2021,RK1033_2,,,,,,,,,,,,,SL,
68,2022,RK1033_2,,,,,,,,,,,,,SL,
68,2023,RK1033_2,,,,,,,,,,,,,SL,
68,2024,RK1033_2,1,,,,1,1,1,1,,1,1,1,SL,
69,2021,RK1033_3,,,,,,,,,,,,,SL,
69,2022,RK1033_3,1,1,,,,,1,1,1,1,1,1,SL,
69,2023,RK1033_3,,,,,,,,,,,,,SL,
69,2024,RK1033_3,,,,,,,,,,,,,SL,
70,2021,RK1036_0,1,1,1,1,,,,,1,,,,SL,
70,2022,RK1036_0,,,,,,,,,,,,,SL,
70,2023,RK1036_0,,,,,,,,,,,,,SL,
70,2024,RK1036_0,1,1,1,,,,,,,,,,SL,
71,2021,RK1036_1,,,,,,,,,,,,,SL,
71,2022,RK1036_1,1,1,1,,,1,1,1,1,,,,SL,
71,2023,RK1036_1,,,,,,,,,,,,,SL,
71,2024,RK1036_1,,,,,,,,,,,,,SL,
72,2021,RK1040_0,,,,,,,,,,,,,SL,
72,2022,RK1040_0,,,,,,,,,,,,,SL,
72,2023,RK1040_0,,,,,,,,,,,,,SL,
72,2024,RK1040_0,1,1,1,1,1,1,1,1,1,1,1,1,SL,
73,2021,RK1040_1,,,,,1,,,,,,1,,SL,
73,2022,RK1040_1,1,1,1,1,1,1,1,1,1,1,1,1,SL,
73,2023,RK1040_1,,,,,,,,,,,,,SL,
73,2024,RK1040_1,,,,,,,,,,,,,SL,
74,2021,RK1040_3,1,1,1,1,1,1,1,1,1,1,1,1,SL,
74,2022,RK1040_3,,1,,,,,,,,,,,SL,
74,2023,RK1040_3,,,,,1,,,,,,,,SL,
74,2024,RK1040_3,,,,,,,,,,,,,SL,
75,2021,RK1040_5,,,,,,,,,,,,,SL,
75,2022,RK1040_5,,,,,,,,,,,,,SL,
75,2023,RK1040_5,,,,,1,1,1,1,1,1,1,1,SL,
75,2024,RK1040_5,1,1,1,1,1,1,1,1,1,,1,1,SL,
76,2021,RK1042_0,,,,,,,,,,,,,SL,
76,2022,RK1042_0,,,,,,,,,,,,,SL,
76,2023,RK1042_0,,,,,,,,,,,,,SL,
76,2024,RK1042_0,1,1,1,1,1,1,1,1,1,1,,1,SL,
77,2021,RK1042_1,,,,,,,,,,,,,SL,
77,2022,RK1042_1,,1,1,1,,,1,1,1,,,,SL,
77,2023,RK1042_1,1,1,1,1,1,1,1,1,1,1,1,1,SL,
77,2024,RK1042_1,,,,,,,,,,,,,SL,
78,2021,RK1044_0,,,,,,,,,,,,,SL,
78,2022,RK1044_0,,,,,,,,,,,,,SL,
78,2023,RK1044_0,1,1,,,,1,,1,,,1,1,SL,
78,2024,RK1044_0,,,,,,,,,,,,,SL,
79,2021,RK1044_1,,,,,,,,,,,,,SL,
79,2022,RK1044_1,,,,,,,,,,,,,SL,
79,2023,RK1044_1,,,,,,,,,,1,,,SL,
79,2024,RK1044_1,,,,,,,,,,,,,SL,
80,2021,RK1048_0,,,,,,,,,,,,,SL,
80,2022,RK1048_0,,,,,,,,,,,,,SL,
80,2023,RK1048_0,,,,,,,,,1,,,1,SL,
80,2024,RK1048_0,,,,,,,,,,,,,SL,
81,2021,RK1049_0,1,1,1,1,1,1,1,1,,,,1,SL,
81,2022,RK1049_0,1,1,1,1,1,1,1,1,1,1,1,1,SL,
81,2023,RK1049_0,1,,1,,,,,1,,,,,SL,
81,2024,RK1049_0,,,,,1,,,,1,,,,SL,
82,2021,RK1049_1,1,1,,1,,,1,,1,,,1,SL,
82,2022,RK1049_1,1,1,1,1,1,1,1,1,1,1,1,1,SL,
82,2023,RK1049_1,,,,,,1,1,1,1,,,1,SL,
82,2024,RK1049_1,1,1,1,1,1,1,1,1,1,1,,,SL,
83,2021,RK1050_0,,,,,,,,,,,,,SL,
83,2022,RK1050_0,,,,,,,,,,,,,SL,
83,2023,RK1050_0,,,,,,,,,,,,,SL,
83,2024,RK1050_0,1,1,1,,,,,1,,,,,SL,
84,2021,RK1051_0,,,,,,,,,,,,,SL,
84,2022,RK1051_0,,,,,,,,,,,,,SL,
84,2023,RK1051_0,,1,,,,,,1,,1,1,1,SL,
84,2024,RK1051_0,,,,,1,,,,1,1,1,1,SL,
85,2021,RK1051_1,,,,,,,,,,,,,SL,
85,2022,RK1051_1,,1,1,1,1,1,1,1,1,1,1,1,SL,
85,2023,RK1051_1,,1,1,1,1,1,1,1,1,1,,,SL,
85,2024,RK1051_1,1,1,1,1,,,,,,,1,,SL,
86,2021,RK1054_0,,,,,,,,,,,,1,SL,
86,2022,RK1054_0,,1,,1,,1,,1,1,1,1,1,SL,
86,2023,RK1054_0,1,1,1,1,1,1,1,1,,1,,1,SL,
86,2024,RK1054_0,,,,,,,,,,,,,SL,
87,2021,RK1059_0,,,,,,,,,,,,,SL,
87,2022,RK1059_0,1,1,1,1,1,1,1,1,1,1,1,1,SL,
87,2023,RK1059_0,,,,,,,,,,,,,SL,
87,2024,RK1059_0,,,,,,,,,,,,,SL,
88,2021,RK1059_1,,,,,,,,,,,,,SL,
88,2022,RK1059_1,,,,,,,,,,,,,SL,
88,2023,RK1059_1,1,,,1,1,1,1,1,1,1,1,,SL,
88,2024,RK1059_1,,,,,,,,,,,,,SL,
89,2021,RK1059_2,,,,,,1,,,,,,1,SL,
89,2022,RK1059_2,,,,,,,,,,,,,SL,
89,2023,RK1059_2,,1,1,1,,,,,1,,,,SL,
89,2024,RK1059_2,,,,,,,,,,,,,SL,
90,2021,RK600_0,1,1,1,1,1,1,1,,1,,1,,SL,
90,2022,RK600_0,,,,,,,,,,,,,SL,
90,2023,RK600_0,,,,,,,,,,,,,SL,
90,2024,RK600_0,,,,,,,,,,,,,SL,
91,2021,RK600_1,,,,,,,,,,,,,SL,
91,2022,RK600_1,1,1,1,1,,1,1,1,1,1,1,1,SL,
91,2023,RK600_1,1,1,1,1,1,1,1,1,1,1,1,1,SL,
91,2024,RK600_1,1,1,1,,1,1,1,1,1,1,1,,SL,
92,2021,RK601_0,1,1,,,1,,1,1,,,1,1,SL,
92,2022,RK601_0,1,,,,1,1,,1,1,,,,SL,
92,2023,RK601_0,,1,,,,1,1,,,1,,,SL,
92,2024,RK601_0,1,1,1,1,1,1,1,1,1,1,1,1,SL,
93,2021,RK601_1,,,,,,,,,1,,,,SL,
93,2022,RK601_1,,,,,,,,,,,,,SL,
93,2023,RK601_1,,1,,,1,1,1,1,1,1,1,1,SL,
93,2024,RK601_1,,,,,,,,,,,,,SL,
94,2021,RK601_2,1,1,1,1,1,1,1,1,1,1,1,1,SL,
94,2022,RK601_2,1,1,,,,1,,1,1,1,1,1,SL,
94,2023,RK601_2,,,,1,1,1,1,1,1,1,1,1,SL,
94,2024,RK601_2,1,1,1,1,1,1,1,1,1,1,1,1,SL,
95,2021,RK601_3,,,,,,,,,,,,,SL,
95,2022,RK601_3,1,1,1,1,1,1,1,1,,1,1,1,SL,
95,2023,RK601_3,,,,,,,,,,,,,SL,
95,2024,RK601_3,,,,,,,,,,,,,SL,
96,2021,RK602_0,1,1,1,1,1,1,1,1,1,1,1,1,SL,
96,2022,RK602_0,,,,,,,,,,,,,SL,
96,2023,RK602_0,,,,,,,,,,,,,SL,
96,2024,RK602_0,,,,,,,,,,,,,SL,
97,2021,RK602_1,,,,,,,,,,,,,SL,
97,2022,RK602_1,1,,1,,,,,,,,,,SL,
97,2023,RK602_1,,1,,1,1,1,1,1,1,,,,SL,
97,2024,RK602_1,,,,,1,1,,1,,,1,,SL,
98,2021,RK602_2,,,,,1,,,1,1,,,1,SL,
98,2022,RK602_2,1,1,1,,1,1,1,1,1,1,1,1,SL,
98,2023,RK602_2,1,1,,,1,1,1,,,,,,SL,
98,2024,RK602_2,,,1,,1,,,1,,1,1,1,SL,
99,2021,RK603_0,1,,1,,,,1,1,1,1,,,SL,
99,2022,RK603_0,,,,,,,,,,,,,SL,
99,2023,RK603_0,,,,,,,,,,,,,SL,
99,2024,RK603_0,,,,,,,,,,,,,SL,
100,2021,RK603_1,1,1,1,1,1,1,1,1,1,1,,1,SL,
100,2022,RK603_1,1,,,1,1,1,1,1,1,1,1,1,SL,
100,2023,RK603_1,,,,,,,1,1,1,,,,SL,
100,2024,RK603_1,,,,,,,,,,1,,,SL,
101,2021,RK603_2,,,,,,,,,,,,,SL,
101,2022,RK603_2,,,1,,,,1,,1,,1,,SL,
101,2023,RK603_2,,,,,,,,,,,,,SL,
101,2024,RK603_2,,,,,,,,,,,,,SL,
102,2021,RK603_3,,,,,,,,,,,,,SL,
102,2022,RK603_3,1,1,1,1,1,1,1,1,1,1,1,1,SL,
102,2023,RK603_3,1,,1,1,1,1,1,1,1,1,1,1,SL,
102,2024,RK603_3,,,,,,1,,,1,,,,SL,
103,2021,RK603_5,,,,,,,,,,,,,SL,
103,2022,RK603_5,,,,,,,,,,,,,SL,
103,2023,RK603_5,,,,,,,,,,,,,SL,
103,2024,RK603_5,1,1,1,1,1,1,1,1,1,1,1,1,SL,
104,2021,RK604_0,1,1,1,1,1,1,1,1,1,1,1,1,SL,
104,2022,RK604_0,1,1,1,1,1,1,1,1,1,1,,,SL,
104,2023,RK604_0,1,1,1,,1,1,1,1,1,1,1,1,SL,
104,2024,RK604_0,,,,1,,,1,1,1,1,1,1,SL,
105,2021,RK604_2,,,,,,,,,,,,,SL,
105,2022,RK604_2,1,,1,,,,1,,,,,,SL,
105,2023,RK604_2,1,1,1,,,,,,1,,,,SL,
105,2024,RK604_2,,,,,,,,,,,,,SL,
106,2021,RK606_0,1,,,,,,,,,,,,SL,
106,2022,RK606_0,,,,,,,,,,,,,SL,
106,2023,RK606_0,,,,,,,,,,,,,SL,
106,2024,RK606_0,,,,,,,,,,,,,SL,
107,2021,RK606_1,1,1,1,1,1,1,1,1,1,1,,1,SL,
107,2022,RK606_1,1,1,1,1,1,1,1,,1,1,1,1,SL,
107,2023,RK606_1,,,,,,,,,,,,,SL,
107,2024,RK606_1,,,,,,,,,,,,,SL,
108,2021,RK606_4,,,,,,,,,,,,,SL,
108,2022,RK606_4,,,,,,,,,,,,,SL,
108,2023,RK606_4,,,,,,,,,,,,,SL,
108,2024,RK606_4,1,1,,1,,1,1,,,,,,SL,
109,2021,RK606_5,,,,,,,,,,,,,SL,
109,2022,RK606_5,,,,,,,,,,,,,SL,
109,2023,RK606_5,1,1,1,1,1,1,1,1,1,1,1,1,SL,
109,2024,RK606_5,,,,,,,,,,,,,SL,
110,2021,RK606_7,,1,1,,1,1,1,1,1,1,,1,SL,
110,2022,RK606_7,1,1,1,1,,1,1,1,1,1,1,1,SL,
110,2023,RK606_7,1,1,1,1,1,1,1,1,1,1,1,1,SL,
110,2024,RK606_7,1,1,1,1,1,,1,1,1,1,1,,SL,
111,2021,RK606_8,,,,,,,,,,,,,SL,
111,2022,RK606_8,,,,,,,,,,,,,SL,
111,2023,RK606_8,,,,,,,,,,,,,SL,
111,2024,RK606_8,,1,,,1,1,1,1,1,1,1,1,SL,
112,2021,RK607_1,,,,,,,,,,,,,SL,
112,2022,RK607_1,,,,,,,,,,,,,SL,
112,2023,RK607_1,,,1,1,1,1,,1,1,1,1,1,SL,
112,2024,RK607_1,,,,,,,,,,,,,SL,
113,2021,RK607_2,,,,,,,,1,,,,,SL,
113,2022,RK607_2,1,,1,,,,,1,1,,,1,SL,
113,2023,RK607_2,1,1,1,1,1,1,1,1,1,1,1,1,SL,
113,2024,RK607_2,,,,,,,,,,,,,SL,
114,2021,RK607_3,,,,,,,,,,,,,SL,
114,2022,RK607_3,1,1,1,1,1,1,1,1,1,1,1,1,SL,
114,2023,RK607_3,,,,,,,,,,,,,SL,
114,2024,RK607_3,,,,,,,,1,,,,,SL,
115,2021,RK607_5,1,1,1,1,1,1,1,1,1,1,1,1,SL,
115,2022,RK607_5,1,1,1,1,1,1,1,1,1,1,1,1,SL,
115,2023,RK607_5,,,,,,,,,,,,,SL,
115,2024,RK607_5,,,,,1,,,,,,,,SL,
116,2021,RK607_6,1,1,1,1,1,1,1,1,1,1,1,1,SL,
116,2022,RK607_6,,,,,,,,,,,,,SL,
116,2023,RK607_6,,,,,,,,,,,,,SL,
116,2024,RK607_6,,,,,,,,,,,,,SL,
117,2021,RK607_7,,,,,,,,,,,,,SL,
117,2022,RK607_7,,,1,,,,1,,,,,,SL,
117,2023,RK607_7,1,1,1,1,1,1,1,1,1,1,1,1,SL,
117,2024,RK607_7,1,1,1,1,1,1,1,1,1,1,1,1,SL,
118,2021,RK609_0,1,1,,1,,1,1,1,1,1,1,1,SL,
118,2022,RK609_0,,1,1,1,1,1,1,1,1,1,1,1,SL,
118,2023,RK609_0,,1,,1,1,1,1,1,1,1,1,,SL,
118,2024,RK609_0,,1,1,1,1,1,,1,1,1,1,,SL,
119,2021,RK609_1,,,,,,,1,,,,1,1,SL,
119,2022,RK609_1,1,,1,,,1,1,1,1,1,1,,SL,
119,2023,RK609_1,,1,1,1,1,1,1,1,1,1,1,1,SL,
119,2024,RK609_1,,,,,,1,,,,1,,1,SL,
120,2021,RK609_3,,,,,,,,,,,,,SL,
120,2022,RK609_3,1,1,,1,,,,,,1,1,1,SL,
120,2023,RK609_3,,,,,,,,,,,,,SL,
120,2024,RK609_3,,,,,,,,,,,,,SL,
121,2021,RK610_0,1,1,,,1,1,1,1,1,,,,SL,
121,2022,RK610_0,,,,,,,,,,,,,SL,
121,2023,RK610_0,,,,,,,,,,,,,SL,
121,2024,RK610_0,,,,,,,,,,,,,SL,
122,2021,RK610_1,1,,,1,1,1,1,1,1,1,1,1,SL,
122,2022,RK610_1,,,,,,,1,1,,,1,1,SL,
122,2023,RK610_1,,,,,,,,,,,,,SL,
122,2024,RK610_1,,,,,,,,,,,,,SL,
123,2021,RK611_0,,1,1,1,1,1,,1,1,1,1,1,SL,
123,2022,RK611_0,,,,,,,,,,,,,SL,
123,2023,RK611_0,,,,,,,,,,,,,SL,
123,2024,RK611_0,,,,,,,,,,,,,SL,
124,2021,RK611_1,1,1,1,1,1,1,,1,,,,,SL,
124,2022,RK611_1,,,,,,,,,,,,,SL,
124,2023,RK611_1,,,,,,,,,,,,,SL,
124,2024,RK611_1,,,,,,,,,,,,,SL,
125,2021,RK611_10,,,,,,,,,,,,,SL,
125,2022,RK611_10,1,1,1,1,1,,,,1,,,1,SL,
125,2023,RK611_10,,,,,,,,,,,,,SL,
125,2024,RK611_10,,,,,,,,,,,,,SL,
126,2021,RK611_3,1,,1,,,1,,1,1,1,1,,SL,
126,2022,RK611_3,,,,,,,,,,,,,SL,
126,2023,RK611_3,,,,,,,,,,,,,SL,
126,2024,RK611_3,,,,,,,,,,,,,SL,
127,2021,RK611_5,,1,,,,,,,,1,,,SL,
127,2022,RK611_5,,,,1,,1,,1,,1,1,,SL,
127,2023,RK611_5,1,1,1,1,1,1,,1,1,1,1,1,SL,
127,2024,RK611_5,1,,1,,1,,1,,,1,,,SL,
128,2021,RK611_6,,,,,,,,,,,,,SL,
128,2022,RK611_6,,,,,,,1,1,1,1,1,1,SL,
128,2023,RK611_6,,,,,,,,,,,,,SL,
128,2024,RK611_6,,,,,,,,,,,,,SL,
129,2021,RK611_7,,,,,,,,,,,,,SL,
129,2022,RK611_7,1,1,1,1,1,1,1,1,1,1,1,1,SL,
129,2023,RK611_7,,,,,,,,,,,,,SL,
129,2024,RK611_7,,,,,,,,,,,,,SL,
130,2021,RK611_8,,,,,,,,,,,,,SL,
130,2022,RK611_8,1,,1,1,1,1,1,1,1,1,1,1,SL,
130,2023,RK611_8,1,1,1,,1,1,1,1,1,1,1,1,SL,
130,2024,RK611_8,,1,,1,1,1,1,1,1,1,1,,SL,
131,2021,RK611_9,,,,,,,,,,,,,SL,
131,2022,RK611_9,1,,1,1,1,1,,1,1,1,1,1,SL,
131,2023,RK611_9,,,,,,,,,,,,,SL,
131,2024,RK611_9,,,1,,,,1,,,,,,SL,
132,2021,RK614_0,,,,,,,,,,,,,SL,
132,2022,RK614_0,,,,,,,,,,1,1,1,SL,
132,2023,RK614_0,,,,,,,,,,,,,SL,
132,2024,RK614_0,,,,,,,,,,,,,SL,
133,2021,RK614_1,1,1,1,1,1,1,,1,,1,1,1,SL,
133,2022,RK614_1,,,,,,,,,,,,,SL,
133,2023,RK614_1,,,,,,,,,,,,,SL,
133,2024,RK614_1,,,,,,,,,,,,,SL,
134,2021,RK614_2,,,,,,,,,,,,,SL,
134,2022,RK614_2,,,,,,,,,,,,,SL,
134,2023,RK614_2,1,1,,1,1,,,,,,1,,SL,
134,2024,RK614_2,,,1,,,1,1,,,,,,SL,
135,2021,RK614_3,1,1,1,1,1,1,1,1,1,,1,,SL,
135,2022,RK614_3,1,1,1,1,1,1,1,1,1,1,,1,SL,
135,2023,RK614_3,1,1,1,1,1,1,1,1,1,1,1,1,SL,
135,2024,RK614_3,,1,1,1,1,1,,1,1,1,1,,SL,
136,2021,RK614_4,,,,,,1,,,,,1,,SL,
136,2022,RK614_4,1,1,1,1,1,1,1,,1,1,1,1,SL,
136,2023,RK614_4,,,1,1,,1,,,1,,,,SL,
136,2024,RK614_4,1,1,1,1,1,1,1,1,1,1,1,,SL,
137,2021,RK615_0,1,1,1,1,1,1,1,1,1,1,,1,SL,
137,2022,RK615_0,,,,,,,,,,,,,SL,
137,2023,RK615_0,,,,,,,,,,,,,SL,
137,2024,RK615_0,,,,,,,,,,,,,SL,
138,2021,RK615_10,1,1,1,1,1,1,1,1,1,1,1,1,SL,
138,2022,RK615_10,,,,,1,,1,,,1,1,,SL,
138,2023,RK615_10,1,1,1,1,1,1,1,1,1,1,1,1,SL,
138,2024,RK615_10,1,1,1,,1,1,1,1,1,1,1,1,SL,
139,2021,RK615_3,,,,,,,,,,,,,CC,
139,2022,RK615_3,,1,1,1,1,1,1,1,1,,,,CC,
139,2023,RK615_3,,,,1,1,1,1,,,,,,CC,05/24 may have a positive also but too faint to be sure
139,2024,RK615_3,,1,,,,,,,,,,,CC,
140,2021,RK615_5,,,,,,,,,,,,,CC,
140,2022,RK615_5,,,,,,,,,,,,,CC,05/18 is different bird. 05/20 too faint to say
140,2023,RK615_5,1,1,1,1,1,1,1,1,1,1,1,1,CC,
140,2024,RK615_5,,,,,,,,,,,,,CC,
141,2021,RK615_7,,,,,,,,,,,,,CC,
141,2022,RK615_7,,,,,,,,,,,,,CC,
141,2023,RK615_7,,,,,,,,,,,,,CC,
141,2024,RK615_7,1,1,1,1,1,1,1,1,1,1,1,1,CC,
142,2021,RK616_0,,,,1,1,1,1,1,1,1,1,1,CC,
142,2022,RK616_0,,,,,,,,,,,,,CC,
142,2023,RK616_0,,,,,,,,,,,,,CC,
142,2024,RK616_0,,,,,,,,,,,,,CC,
143,2021,RK616_1,1,1,1,,,,,,,,,,CC,
143,2022,RK616_1,,,,,,,,,,,,,CC,
143,2023,RK616_1,,,,,,,,,,,,,CC,
143,2024,RK616_1,,,,,,,,,,,,,CC,
144,2021,RK616_2,,,,,,,,,,,,,CC,
144,2022,RK616_2,1,,,,1,1,1,1,1,1,1,,CC,
144,2023,RK616_2,,,,,,,,,,1,,1,CC,
144,2024,RK616_2,,,,,,,,,,,,,CC,
145,2021,RK616_3,,,,,,,,,,,,,CC,
145,2022,RK616_3,,,,,,,,,,,,,CC,05/15 looks like a different bird
145,2023,RK616_3,,,,,,,,,,,,,CC,
145,2024,RK616_3,,,1,,1,1,1,1,,1,1,1,CC,
146,2021,RK616_4,1,,1,1,1,1,1,1,,,,1,CC,
146,2022,RK616_4,1,1,1,1,1,1,1,1,1,1,1,1,CC,
146,2023,RK616_4,1,1,1,1,1,1,1,1,1,1,1,1,CC,
146,2024,RK616_4,,1,,,1,,,,,,,,CC,
147,2021,RK616_5,,1,,1,,1,1,1,1,,,1,CC,
147,2022,RK616_5,1,,1,1,1,1,1,1,1,1,1,1,CC,
147,2023,RK616_5,1,1,1,1,1,1,1,,1,1,1,1,CC,
147,2024,RK616_5,1,1,1,,1,1,,1,1,1,1,,CC,
148,2021,RK621_0,,,,,,,,,,,,,CC,
148,2022,RK621_0,,,,,,,,,,,,,CC,
148,2023,RK621_0,1,1,1,1,1,1,1,1,,,,,CC,
148,2024,RK621_0,,,,,,,,,,,1,,CC,
149,2021,RK621_1,,,,,,,,,,,,,CC,
149,2022,RK621_1,,,,,,,,,,,,,CC,
149,2023,RK621_1,,,,,,,,,,,,,CC,
149,2024,RK621_1,1,1,1,1,1,1,1,1,1,1,1,1,CC,
150,2021,RK621_2,1,1,1,1,1,1,1,,1,1,1,1,CC,
150,2022,RK621_2,,,,,,,,,,,,,CC,
150,2023,RK621_2,,,,,,,,,,,,,CC,
150,2024,RK621_2,,,,,,,,,,,,,CC,
151,2021,RK621_3,,,,,,,,,,1,1,1,CC,
151,2022,RK621_3,1,1,1,1,1,1,1,1,1,1,1,1,CC,
151,2023,RK621_3,,,,,,,,,,,,,CC,05/22 may be a different bird
151,2024,RK621_3,,,,,,,,,,,,,CC,
152,2021,RK621_5,,,,,,,,,,,,,CC,
152,2022,RK621_5,,1,1,1,1,1,1,1,1,1,1,1,CC,
152,2023,RK621_5,,,,,,,,,,,,,CC,
152,2024,RK621_5,,,,,,,,,,,,,CC,
153,2021,RK622_0,1,1,1,1,1,,1,,,,,,CC,
153,2022,RK622_0,,1,,1,,,,,,,,,CC,
153,2023,RK622_0,,,,,,,,,,,,,CC,
153,2024,RK622_0,,,,,,,,,,,,,CC,
154,2021,RK622_1,,1,1,1,1,1,,,,,,1,CC,
154,2022,RK622_1,,,,,,,,,,,1,,CC,05/22 not the same bird
154,2023,RK622_1,,,,,,,,,,,,,CC,
154,2024,RK622_1,,,,,,,,,,,,,CC,
155,2021,RK661_0,1,1,1,1,1,1,1,1,1,1,1,1,CC,
155,2022,RK661_0,1,1,1,1,1,1,1,1,1,,1,1,CC,
155,2023,RK661_0,,1,,,1,1,1,1,1,1,1,1,CC,
155,2024,RK661_0,1,1,1,1,1,1,1,1,1,1,,,CC,
156,2021,RK661_3,,,,,,,,1,,,,,CC,
156,2022,RK661_3,1,1,1,1,1,1,1,1,1,1,1,1,CC,
156,2023,RK661_3,1,,1,1,1,1,1,1,1,1,1,1,CC,
156,2024,RK661_3,1,1,1,1,1,1,1,1,1,1,1,1,CC,
157,2021,RK683_0,1,1,1,1,,,,1,1,1,,1,CC,
157,2022,RK683_0,,,1,,1,1,1,1,1,1,1,1,CC,
157,2023,RK683_0,,1,1,1,1,1,1,1,1,1,1,1,CC,
157,2024,RK683_0,1,,,,1,,,,,,,,CC,
158,2021,RK683_1,,1,,,1,,1,,,1,,1,CC,
158,2022,RK683_1,,,1,1,1,,1,1,1,,1,,CC,
158,2023,RK683_1,,,,,,,,,,,,,CC,
158,2024,RK683_1,,,,,,,,,,,,,CC,
159,2021,RK683_3,,,,,,,,,,,,,CC,
159,2022,RK683_3,,,,,,,,,,,,,CC,
159,2023,RK683_3,1,1,1,1,1,1,1,,1,,1,1,CC,
159,2024,RK683_3,1,1,1,1,1,1,1,1,1,1,1,1,CC,
160,2021,RK684_0,1,1,1,1,1,1,1,1,1,1,1,1,CC,
160,2022,RK684_0,,,,,,,,,,,,,CC,
160,2023,RK684_0,,,,,,,,,,,,,CC,
160,2024,RK684_0,,,,,,,,,,,,,CC,
161,2021,RK684_2,,,,,,,,,,,,,CC,
161,2022,RK684_2,1,1,1,1,1,1,1,1,1,1,1,1,CC,
161,2023,RK684_2,1,1,1,1,1,1,1,1,1,1,1,1,CC,
161,2024,RK684_2,1,1,1,1,1,1,1,1,1,1,1,1,CC,
162,2021,RK685_0,,,,,,,,,,1,1,,CC,
162,2022,RK685_0,1,1,1,1,,1,1,1,1,1,1,1,CC,
162,2023,RK685_0,1,1,1,1,1,1,1,1,1,1,1,1,CC,
162,2024,RK685_0,1,1,1,1,1,1,1,1,1,1,1,1,CC,
163,2021,RK685_2,,,,,,,,,,,,,CC,
163,2022,RK685_2,,,,,,,,1,,,1,,CC,
163,2023,RK685_2,,,,,,,1,1,1,1,1,,CC,
163,2024,RK685_2,,,,,,,,,,,,,CC,
164,2021,RK685_3,1,1,1,1,,,,,,,1,,CC,
164,2022,RK685_3,1,1,1,,,1,1,1,1,1,1,,CC,
164,2023,RK685_3,,1,1,,,1,1,1,1,1,1,1,CC,
164,2024,RK685_3,1,1,1,1,1,1,1,1,1,1,1,,CC,
165,2021,RK685_4,1,1,,1,1,1,,,,1,1,1,CC,
165,2022,RK685_4,,,,,,,,,,,,,CC,
165,2023,RK685_4,,,,,,,,,,,,,CC,
165,2024,RK685_4,,,,,,,,,,,,,CC,
166,2021,RK686_0,1,1,1,1,1,1,1,1,1,1,1,1,CC,
166,2022,RK686_0,1,1,,1,1,1,1,1,1,1,1,1,CC,
166,2023,RK686_0,,,,,,,,,,,,,CC,
166,2024,RK686_0,,,,,,,,,,,,,CC,
167,2021,RK686_2,,,,,,,,,,,,,CC,
167,2022,RK686_2,1,1,1,1,1,1,1,1,1,1,1,1,CC,
167,2023,RK686_2,,,,,,,,,,,,,CC,
167,2024,RK686_2,,,,,,,,,,,,,CC,
168,2021,RK686_3,,,,,,,,,,,,,CC,
168,2022,RK686_3,,,,,,,,,,,,,CC,
168,2023,RK686_3,1,1,1,1,1,1,1,1,1,1,1,1,CC,
168,2024,RK686_3,,,,,,,,,,,,,CC,
169,2021,RK686_5,,,,,,,,,,,1,,CC,
169,2022,RK686_5,1,,,1,1,1,1,1,1,1,1,1,CC,
169,2023,RK686_5,,,,1,,,1,1,1,1,,1,CC,
169,2024,RK686_5,,,1,1,,1,1,1,1,1,1,1,CC,
170,2021,RK686_6,,,,,,,,,,,,,CC,
170,2022,RK686_6,,,,,,,,,,,,,CC,
170,2023,RK686_6,1,1,1,1,1,1,1,1,1,,,,CC,
170,2024,RK686_6,,,,,,,,,,,,,CC,
171,2021,RK686_7,1,1,1,1,1,1,1,1,1,1,1,1,CC,
171,2022,RK686_7,,,,,,,,,,,,,CC,
171,2023,RK686_7,,,,,,,,,,,,,CC,
171,2024,RK686_7,,,,,,,,,,,,,CC,
172,2021,RK686_8,,,,,,,,,,,,,CC,
172,2022,RK686_8,,,,1,1,1,1,1,1,1,1,,CC,
172,2023,RK686_8,1,1,1,,,1,1,1,1,1,1,1,CC,
172,2024,RK686_8,,,,1,,,,1,1,,,,CC,
173,2021,RK687_0,,,,,,,,,,,,,CC,
173,2022,RK687_0,,,,,,,,,,,,,CC,
173,2023,RK687_0,,,,,,,,,,,,,CC,
173,2024,RK687_0,1,1,1,1,1,1,1,1,1,1,1,,CC,
174,2021,RK687_1,,,,,,,,,,,,,CC,
174,2022,RK687_1,1,,1,1,1,,,,1,1,,,CC,
174,2023,RK687_1,,,,,,,,,,,,,CC,
174,2024,RK687_1,,,,,,,,,,,,,CC,
175,2021,RK687_3,1,1,1,1,1,1,,1,,1,1,1,CC,
175,2022,RK687_3,,,,,,,,,,,,,CC,
175,2023,RK687_3,,,,,,,,,,,,,CC,
175,2024,RK687_3,,,,,,,,,,,,,CC,
176,2021,RK687_4,,,,,,,,,,,,,CC,
176,2022,RK687_4,1,,,1,1,1,,1,1,1,1,1,CC,
176,2023,RK687_4,,,,,,,,,,,,,CC,
176,2024,RK687_4,,,,,,,,,,,,,CC,
177,2021,RK690_0,,,,,,,,,,,,,CC,
177,2022,RK690_0,,,,,,,,,,,,,CC,
177,2023,RK690_0,1,1,1,,1,1,1,1,1,1,1,1,CC,
177,2024,RK690_0,,,,,,,,,,,,,CC,
178,2021,RK690_1,,,,,,,,1,,,1,,CC,
178,2022,RK690_1,1,1,1,1,1,1,1,1,1,1,1,1,CC,
178,2023,RK690_1,,,,,,1,,,1,1,,,CC,
178,2024,RK690_1,,,,,,,,,,,,,CC,
179,2021,RK690_4,,,,1,,,,,1,1,1,1,CC,
179,2022,RK690_4,1,,1,1,1,1,1,1,1,,1,1,CC,
179,2023,RK690_4,,,,,1,,1,1,1,1,1,,CC,
179,2024,RK690_4,1,1,,,,,,,,,,,CC,
180,2021,RK690_5,,,,,,,,,,,,,CC,
180,2022,RK690_5,,,,,,,,,,,,,CC,
180,2023,RK690_5,,,,,,,,,,,,,CC,
180,2024,RK690_5,,1,1,,,,1,1,1,1,1,1,CC,
181,2021,RK690_6,1,1,1,1,1,1,1,1,1,1,1,1,CC,
181,2022,RK690_6,1,,1,1,1,1,1,1,1,1,1,1,CC,
181,2023,RK690_6,,,,,,,,,,,,,CC,
181,2024,RK690_6,,,,,,,,,,,,,CC,
182,2021,RK690_8,1,1,1,1,,1,1,1,1,1,1,1,CC,
182,2022,RK690_8,1,1,1,1,1,1,1,1,1,1,1,1,CC,
182,2023,RK690_8,,,1,,1,1,1,1,1,1,1,1,CC,
182,2024,RK690_8,1,1,1,,1,1,1,1,1,1,1,1,CC,
183,2021,RK691_0,,,,,,,,,,,,,CC,
183,2022,RK691_0,,,,,,,,,,,,,CC,
183,2023,RK691_0,,,,,,,,,,,,,CC,
183,2024,RK691_0,1,1,1,1,1,1,1,1,,1,,1,CC,
184,2021,RK691_1,1,1,1,1,1,1,1,1,,,1,1,CC,
184,2022,RK691_1,,,,,,,,,,,,,CC,
184,2023,RK691_1,,1,1,1,1,1,1,1,1,,1,,CC,
184,2024,RK691_1,,,,,,,,,,,,,CC,
185,2021,RK692_0,,,,,,,,,,,,,CC,
185,2022,RK692_0,1,,1,1,,1,1,,,1,,,CC,
185,2023,RK692_0,,,,,,,,,,,,,CC,
185,2024,RK692_0,,,,,,,,,,,,,CC,
186,2021,RK692_2,1,1,1,1,1,1,1,1,1,1,1,1,CC,
186,2022,RK692_2,1,1,1,1,1,1,1,1,1,1,1,1,CC,
186,2023,RK692_2,,1,1,1,,1,1,1,1,1,1,1,CC,
186,2024,RK692_2,1,,,1,1,1,1,,,,1,1,CC,
187,2021,RK692_3,1,1,1,1,1,1,1,,1,1,1,,CC,
187,2022,RK692_3,1,1,1,1,1,1,1,1,1,1,1,1,CC,
187,2023,RK692_3,,,,,,,,1,1,1,1,,CC,
187,2024,RK692_3,,,,,,,,,,,,,CC,
188,2021,RK693_0,,,,,,,,,,,,,CC,"Cluster has impurities, first and last are different song"
188,2022,RK693_0,,,,,,,,,,,,,CC,"Cluster has impurities, first and last are different song"
188,2023,RK693_0,,,,,,,,,,,,,CC,"Cluster has impurities, first and last are different song"
188,2024,RK693_0,1,,1,,,1,,1,,,,,CC,"Cluster has impurities, first and last are different song"
189,2021,RK693_1,,,,,,,,,,,,,CC,
189,2022,RK693_1,1,1,1,1,1,1,1,1,1,1,1,1,CC,
189,2023,RK693_1,,,,,,,,,,,,,CC,
189,2024,RK693_1,,,,,,,,,,,,,CC,
190,2021,RK693_2,,1,1,,,1,1,1,1,1,,1,CC,
190,2022,RK693_2,,,,,,,,,,,,,CC,
190,2023,RK693_2,,,,,,,,,,,,,CC,
190,2024,RK693_2,,,,,,,,,,,,,CC,
191,2021,RK693_3,,,,1,1,1,,,1,1,1,1,CC,
191,2022,RK693_3,1,,1,1,1,1,1,1,1,1,1,,CC,
191,2023,RK693_3,1,,,,,,,1,1,,,,CC,
191,2024,RK693_3,,,,,,,,,,,,,CC,
192,2021,RK693_4,,,,,,,,,,,,,SL,
192,2022,RK693_4,,1,1,1,1,1,1,1,1,1,1,1,SL,
192,2023,RK693_4,1,1,1,1,1,1,1,1,1,1,1,1,SL,
192,2024,RK693_4,1,1,1,1,,1,1,1,1,1,1,1,SL,
193,2021,RK693_6,,,,,,,,1,1,1,1,1,SL,
193,2022,RK693_6,,,,,,,,,,,,,SL,
193,2023,RK693_6,,,,,,,,,,,,,SL,
193,2024,RK693_6,,,,,,,,,,,,,SL,
194,2021,RK694_1,1,,1,1,1,1,1,1,1,1,1,1,SL,
194,2022,RK694_1,,,1,,,,,1,1,1,1,1,SL,
194,2023,RK694_1,,1,1,1,1,1,1,,1,1,1,1,SL,
194,2024,RK694_1,,,,,,,,,,,,,SL,
195,2021,RK694_2,,,,,,,,,,,,,SL,
195,2022,RK694_2,1,1,1,1,1,1,1,1,1,1,1,1,SL,
195,2023,RK694_2,1,1,1,1,1,1,1,1,1,1,1,1,SL,
195,2024,RK694_2,1,1,1,1,1,1,1,1,1,1,1,,SL,
196,2021,RK694_3,1,1,,,,1,1,,1,1,1,1,SL,
196,2022,RK694_3,,,,,,,,,,,,,SL,
196,2023,RK694_3,,,,,,,,,,,,,SL,
196,2024,RK694_3,,,,,,,,,,,,,SL,
197,2021,RK695_0,,,,,,,,,,,,,SL,
197,2022,RK695_0,1,1,,1,1,1,1,1,,,,,SL,
197,2023,RK695_0,,,,,,,,,,,,,SL,
197,2024,RK695_0,,,,,,,,,,,,,SL,
198,2021,RK695_1,,,,,,,,,,,,,SL,
198,2022,RK695_1,1,1,1,1,1,1,1,1,1,1,1,1,SL,
198,2023,RK695_1,1,1,1,1,1,1,,1,1,,1,,SL,
198,2024,RK695_1,,,1,1,1,,1,,,1,1,1,SL,
199,2021,RK695_2,,,,,,,,,,,,,SL,
199,2022,RK695_2,,,,,,,,,,,,,SL,
199,2023,RK695_2,,,,,,,,,,,,,SL,
199,2024,RK695_2,,,,,1,,,,,,1,,SL,
200,2021,RK695_3,1,,,,1,,,,,,,,SL,
200,2022,RK695_3,1,1,1,1,1,1,1,1,1,1,1,1,SL,
200,2023,RK695_3,,,,,,,,,,,1,,SL,
200,2024,RK695_3,,1,,,1,,,,,,,,SL,
201,2021,RK695_4,,,,,,,,,,,,,SL,
201,2022,RK695_4,1,1,1,1,1,1,1,1,1,1,1,1,SL,
201,2023,RK695_4,1,1,1,1,1,1,1,1,1,1,1,1,SL,
201,2024,RK695_4,,1,1,,1,1,1,1,1,1,1,,SL,
202,2021,RK695_7,1,1,1,1,1,1,1,,,,,1,SL,
202,2022,RK695_7,,,,,,,,,,,,,SL,
202,2023,RK695_7,,,,,,,,,,,,,SL,
202,2024,RK695_7,,,,,,,,,,,,,SL,
203,2021,RK696_0,,,,,,1,1,,1,1,1,1,SL,
203,2022,RK696_0,1,,,,,,,,,,,,SL,
203,2023,RK696_0,,,,,,,,,,,,,SL,
203,2024,RK696_0,,,,,,,,,,,,,SL,
204,2021,RK696_1,,,,,,,,,,,1,1,SL,
204,2022,RK696_1,,,1,1,1,1,1,1,1,,,,SL,
204,2023,RK696_1,1,,,,,1,1,,1,,,1,SL,
204,2024,RK696_1,,,,,,,,,,,,,SL,
205,2021,RK696_2,,,,,,,,,,,,,SL,
205,2022,RK696_2,,,,,,,,1,1,1,1,,SL,
205,2023,RK696_2,,,,,,,,,,,,,SL,
205,2024,RK696_2,,,,,,,,,,,,,SL,
206,2021,RK696_4,,,,,,,,,,,,,SL,
206,2022,RK696_4,,,1,,,1,1,1,1,1,,,SL,
206,2023,RK696_4,,,,,,,,,,,,1,SL,
206,2024,RK696_4,,,,1,,,,,,,,,SL,
207,2021,RK696_5,,,,,,,,,,,,,SL,
207,2022,RK696_5,,,,,,,,,,,,,SL,
207,2023,RK696_5,,,,,,,,,,,,,SL,
207,2024,RK696_5,1,,,1,1,1,1,1,1,1,1,1,SL,
208,2021,RK701_0,,1,1,1,1,1,1,1,1,1,1,1,SL,
208,2022,RK701_0,,,,,,,,,,,,,SL,
208,2023,RK701_0,,,,,,,,,,,,,SL,
208,2024,RK701_0,,,,,,,,,,,,,SL,
209,2021,RK701_1,,,,,,,,,,,,,SL,
209,2022,RK701_1,1,1,1,1,1,1,1,1,1,1,1,1,SL,
209,2023,RK701_1,1,,1,1,,1,1,1,1,,1,,SL,
209,2024,RK701_1,,,,,,,,,,,,,SL,
210,2021,RK702_0,,,,1,1,1,1,,,1,1,,SL,
210,2022,RK702_0,1,,1,,1,1,1,1,1,1,1,1,SL,
210,2023,RK702_0,1,1,1,1,1,1,1,,,,,1,SL,
210,2024,RK702_0,,1,,,1,1,1,1,,1,1,,SL,
211,2021,RK728_0,,1,,1,1,1,1,1,1,1,1,1,SL,
211,2022,RK728_0,1,1,1,1,1,1,1,1,1,1,1,1,SL,
211,2023,RK728_0,,,,,,,,,,,,,SL,
211,2024,RK728_0,,,,,,,,,,,,,SL,
212,2021,RK728_1,,,,,,1,1,1,1,1,1,1,SL,
212,2022,RK728_1,,1,,,,,,,,,,,SL,
212,2023,RK728_1,1,1,1,1,1,1,1,1,1,1,1,,SL,
212,2024,RK728_1,,1,1,1,1,1,1,,,,,,SL,
213,2021,RK729_0,,,,,,,,,,,,,SL,
213,2022,RK729_0,,,,,,,,,,,,,SL,
213,2023,RK729_0,,,,,,1,,,,,1,1,SL,
213,2024,RK729_0,,1,1,,,1,,,,1,1,1,SL,
214,2021,RK729_1,,,,,,,,,,,,,SL,
214,2022,RK729_1,,,,,,,,,,,,,SL,
214,2023,RK729_1,1,1,1,1,1,1,1,1,,1,1,1,SL,
214,2024,RK729_1,,1,1,,1,,1,,1,1,,,SL,
215,2021,RK729_3,,1,1,1,1,1,1,1,,,1,,SL,evidence of two birds with similar songs (songs overlapping on 5/26)
215,2022,RK729_3,,,,,,,,,,,,,SL,
215,2023,RK729_3,,,,,,,,,,,,,SL,
215,2024,RK729_3,,,,,,,,,,,,,SL,
216,2021,RK729_4,1,1,1,1,1,1,1,1,,,,,SL,
216,2022,RK729_4,1,1,1,1,1,1,1,,,1,1,1,SL,
216,2023,RK729_4,,,,,,,,,,,,,SL,
216,2024,RK729_4,,,,,,,,,,,,,SL,
217,2021,RK729_5,,,,,,,,,,,,,SL,
217,2022,RK729_5,1,1,1,1,1,1,1,1,1,1,1,1,SL,
217,2023,RK729_5,,,,,,,,,,,,,SL,
217,2024,RK729_5,,,,,,,,,,,,,SL,
218,2021,RK730_0,,,,,,,,,,,,,SL,
218,2022,RK730_0,,,,,,,,,,,,,SL,
218,2023,RK730_0,,,,1,,1,1,1,1,1,1,,SL,
218,2024,RK730_0,,,,,,,,,,,,,SL,
219,2021,RK730_1,,,,,,,,,,,,,SL,
219,2022,RK730_1,,,,,,,,,,,,,SL,
219,2023,RK730_1,,,,,,,,,,,,,SL,
219,2024,RK730_1,1,1,1,1,1,1,1,1,1,1,1,1,SL,
220,2021,RK730_2,,,,,,,,,,,,,SL,
220,2022,RK730_2,,,,,,,,,,,,,SL,
220,2023,RK730_2,1,1,,,1,1,,1,1,,,,SL,
220,2024,RK730_2,,,,,,,,,,,,,SL,
221,2021,RK730_3,1,1,1,1,1,1,1,1,1,1,1,,SL,
221,2022,RK730_3,,,,,,,,,,,,,SL,
221,2023,RK730_3,,,,,,,,,,,,,SL,
221,2024,RK730_3,,,,,,,,,,,,,SL,
222,2021,RK730_4,,,,,,1,,1,1,,,,SL,
222,2022,RK730_4,1,,,,,,,,,,,,SL,
222,2023,RK730_4,,,,,,1,,1,,,,,SL,
222,2024,RK730_4,,,,,,,,,,,,,SL,
223,2021,RK730_6,,,,,,1,,1,,,,,SL,
223,2022,RK730_6,1,1,1,1,1,1,,1,1,1,1,1,SL,
223,2023,RK730_6,1,1,1,1,,,1,,,,,1,SL,
223,2024,RK730_6,,1,,,,1,1,1,,1,1,,SL,
224,2021,RK731_0,,,,,,,,,,,,,SL,
224,2022,RK731_0,1,1,1,1,1,,1,1,1,1,1,1,SL,
224,2023,RK731_0,,,,,,,,,,,,,SL,
224,2024,RK731_0,,,,,,,1,,,,,,SL,
225,2021,RK731_1,,,,,,,,,,,,,SL,
225,2022,RK731_1,,,,,,,,,,,,,SL,
225,2023,RK731_1,,,,,,,,,,1,,,SL,
225,2024,RK731_1,,,,,,,,,,,,,SL,
226,2021,RK731_2,,,,,,,,,,,,,SL,
226,2022,RK731_2,,,,,,,,,,,,,SL,
226,2023,RK731_2,1,,1,1,,,1,1,1,1,1,1,SL,
226,2024,RK731_2,,,,,,,,,,,,,SL,
227,2021,RK731_3,,,,,,,,,,,,,SL,
227,2022,RK731_3,,,,,,,1,1,1,1,1,1,SL,
227,2023,RK731_3,,,,,,,,,,,,,SL,
227,2024,RK731_3,,,,,,,,,,,,,SL,
228,2021,RK731_4,,,,,,,,,,,,,SL,
228,2022,RK731_4,,,,,,,,,,,,,SL,
228,2023,RK731_4,1,1,1,1,,1,,1,1,1,,1,SL,
228,2024,RK731_4,,,,,,,,,,,,,SL,
229,2021,RK731_6,1,1,1,1,1,1,,,,,,,SL,
229,2022,RK731_6,,,,,,,,1,,,,,SL,
229,2023,RK731_6,,,,,,,,,,,,,SL,
229,2024,RK731_6,,,,,,,,,,,,,SL,
230,2021,RK731_8,,,,,,,,,,,,,SL,
230,2022,RK731_8,,,,,,,,,,,,,SL,
230,2023,RK731_8,,,,,1,,1,1,1,1,,,SL,
230,2024,RK731_8,,1,,1,1,1,1,,,,,1,SL,
231,2021,RK732_0,,,,,,,,,,,,,SL,
231,2022,RK732_0,,,,,,,,,,,,,SL,
231,2023,RK732_0,,,,,,,,,,,,,SL,
231,2024,RK732_0,,1,1,1,1,1,1,1,1,1,1,1,SL,
232,2021,RK732_1,,,,,,1,,1,1,1,,1,SL,
232,2022,RK732_1,1,,1,,,,,,,,,,SL,
232,2023,RK732_1,1,,,1,,,,1,1,1,1,1,SL,
232,2024,RK732_1,,,,,,,,,,,,,SL,
233,2021,RK732_2,,,,,,,,,,,,,SL,
233,2022,RK732_2,,,,,,,,,,,,,SL,
233,2023,RK732_2,,,,,,,,,,,,,SL,
233,2024,RK732_2,,,1,,,,1,,,,,,SL,
234,2021,RK732_3,,,,,,,,,,1,,,SL,
234,2022,RK732_3,,,1,1,1,1,1,1,1,1,1,1,SL,
234,2023,RK732_3,1,1,1,1,1,1,1,1,1,1,1,1,SL,
234,2024,RK732_3,1,1,1,,,,1,1,,1,1,1,SL,
235,2021,RK732_5,,,,,,,,,,,,1,SL,
235,2022,RK732_5,1,1,1,1,1,1,1,1,1,1,1,1,SL,
235,2023,RK732_5,,,,,,,1,,1,,,,SL,
235,2024,RK732_5,,,,,,,,,,,,,SL,
236,2021,RK732_6,1,1,1,1,1,1,1,1,1,1,1,1,SL,
236,2022,RK732_6,1,1,1,1,1,1,1,1,1,1,1,1,SL,
236,2023,RK732_6,,,,,,,,,,,,,SL,
236,2024,RK732_6,,,,,,,,,,,,,SL,
237,2021,RK733_0,,,,,,,,,,,,,SL,
237,2022,RK733_0,,,,,,,,,,,,,SL,
237,2023,RK733_0,,,,,1,1,1,1,1,1,1,1,SL,
237,2024,RK733_0,1,1,1,1,1,1,1,1,1,1,1,1,SL,
238,2021,RK733_1,,,,,,,,,,,,,SL,
238,2022,RK733_1,,,,,,,,,,,,,SL,
238,2023,RK733_1,,,,,,,,,,,,,SL,
238,2024,RK733_1,,1,,,1,,,,,1,,,SL,
239,2021,RK733_2,,,,,,,,,,,1,1,SL,
239,2022,RK733_2,1,,,,1,1,1,1,1,1,,1,SL,
239,2023,RK733_2,1,1,,,,1,1,1,,,,1,SL,
239,2024,RK733_2,,,,1,1,1,1,1,1,,1,,SL,
240,2021,RK733_3,,1,,,1,,1,1,,,1,1,SL,
240,2022,RK733_3,1,,1,,,,,,,,,1,SL,
240,2023,RK733_3,,,,,,,,,,,,,SL,
240,2024,RK733_3,,,,,,,,,,,,,SL,
241,2021,RK733_5,1,1,1,1,1,1,,1,,1,1,1,SL,
241,2022,RK733_5,1,1,1,1,1,1,,1,1,1,1,1,SL,
241,2023,RK733_5,,,,,,,,,,,,,SL,
241,2024,RK733_5,,,,,,,,,,,,,SL,
242,2021,RK734_0,,,,,,,,,,,,,SL,
242,2022,RK734_0,,,,,,,,,,,,,SL,
242,2023,RK734_0,1,,1,1,1,1,1,1,1,1,1,,SL,
242,2024,RK734_0,,,,,1,1,,,1,,1,,SL,
243,2021,RK734_1,,,1,1,,,,,,,,,SL,
243,2022,RK734_1,,,,,,,,,,,,,SL,
243,2023,RK734_1,,,,,,,,,,,,,SL,
243,2024,RK734_1,,,,,,,,,,,,,SL,
244,2021,RK734_2,,,,,,,,,,,,,SL,
244,2022,RK734_2,,,,,,,,,,,,,SL,
244,2023,RK734_2,,,,,,,,,,,,,SL,
244,2024,RK734_2,,,,,1,,1,1,1,1,1,1,SL,
245,2021,RK734_4,1,1,1,1,1,1,1,1,1,1,1,1,SL,
245,2022,RK734_4,1,1,1,1,1,1,,1,1,1,1,1,SL,
245,2023,RK734_4,1,1,,,,1,1,,,,1,1,SL,
245,2024,RK734_4,,,,,,,,,,,,,SL,
246,2021,RK734_5,,,,,1,1,1,,,,,,SL,
246,2022,RK734_5,1,1,1,1,1,1,1,1,1,1,1,1,SL,
246,2023,RK734_5,,,,,,,,,,,,,SL,
246,2024,RK734_5,,,,,,,,,,,,,SL,
247,2021,RK734_6,,,,,,,,,,,,,SL,
247,2022,RK734_6,,,,,,,,,,,,,SL,
247,2023,RK734_6,,,,,1,1,,1,1,1,1,1,SL,
247,2024,RK734_6,,,,,,,,,,,,,SL,
248,2021,RK735_1,1,1,1,1,1,1,1,1,1,1,,1,SL,
248,2022,RK735_1,1,1,1,1,1,1,1,1,1,1,1,1,SL,
248,2023,RK735_1,1,1,1,1,,,1,,1,1,,,SL,
248,2024,RK735_1,1,1,1,1,1,1,1,1,1,1,1,1,SL,
249,2021,RK735_2,,,,,,,,,,,,,SL,
249,2022,RK735_2,,,,,,,,,,,,,SL,
249,2023,RK735_2,1,1,1,1,1,1,1,1,1,1,1,1,SL,
249,2024,RK735_2,,,,,,,,,,,,,SL,
250,2021,RK736_0,,,,,,,,,,,,,SL,
250,2022,RK736_0,,,,,,,,,,,,,SL,
250,2023,RK736_0,1,1,1,1,1,1,,,,1,1,1,SL,
250,2024,RK736_0,1,1,1,1,1,1,1,1,1,1,1,,SL,
251,2021,RK736_2,1,1,,1,1,1,1,1,1,,1,1,CC,
251,2022,RK736_2,,,1,1,1,1,1,1,1,1,1,1,CC,
251,2023,RK736_2,,,,,,,,,,,,,CC,
251,2024,RK736_2,,,,,,,,,,,,,CC,
252,2021,RK738_0,,,,,,,,,,,,,CC,
252,2022,RK738_0,,,,,,,,1,1,1,1,1,CC,
252,2023,RK738_0,,,,,1,1,1,1,1,1,,1,CC,
252,2024,RK738_0,,,,,,,,,,,,,CC,
253,2021,RK738_1,1,1,1,1,1,1,1,1,1,1,1,1,CC,
253,2022,RK738_1,,,,,,,,,,,,,CC,
253,2023,RK738_1,,,,,,,,,,,,,CC,
253,2024,RK738_1,,,,,,,,,,,,,CC,
254,2021,RK738_2,,,1,1,1,,1,,,,1,,CC,
254,2022,RK738_2,,,,1,1,1,1,1,1,1,1,1,CC,
254,2023,RK738_2,1,1,1,1,1,1,1,,,,,1,CC,
254,2024,RK738_2,,,,,,,,,,,,,CC,
255,2021,RK738_3,,,,,,,,,,,,,CC,
255,2022,RK738_3,1,1,,,,,,1,,1,1,,CC,
255,2023,RK738_3,,,,,,,,,,,,,CC,
255,2024,RK738_3,,,,,,,,,,,,,CC,
256,2021,RK738_4,,,,,,,,,,,,,CC,
256,2022,RK738_4,1,1,1,1,1,1,1,1,1,1,1,1,CC,
256,2023,RK738_4,1,1,1,1,1,1,1,1,1,1,1,1,CC,
256,2024,RK738_4,1,1,1,1,1,1,1,1,1,1,1,1,CC,
257,2021,RK738_5,,,,,,,,,,,,,CC,
257,2022,RK738_5,,,,,,,,,,,,,CC,
257,2023,RK738_5,1,,1,1,1,,1,1,1,1,,1,CC,
257,2024,RK738_5,,1,1,,1,1,1,1,1,1,1,1,CC,
258,2021,RK738_6,,,,,,,,,,,,,CC,
258,2022,RK738_6,,,,,,,,,,,,,CC,
258,2023,RK738_6,,,,,,,,,,,,,CC,
258,2024,RK738_6,1,1,1,1,1,1,1,1,1,,,,CC,
259,2021,RK738_7,,,,,,,,,,,,,CC,
259,2022,RK738_7,,,,1,,1,1,1,1,1,1,1,CC,
259,2023,RK738_7,,,,,,1,,1,,1,,1,CC,
259,2024,RK738_7,,1,1,,,1,1,1,1,,,,CC,
260,2021,RK739_0,,,1,1,1,1,1,1,1,1,,1,CC,
260,2022,RK739_0,,,,,,,,,,,,,CC,
260,2023,RK739_0,,,,,,,,,,,,,CC,
260,2024,RK739_0,,,,,,,,,,,,,CC,
261,2021,RK739_1,,,,,,,,,,,,,CC,
261,2022,RK739_1,1,1,1,1,1,1,1,1,1,1,1,1,CC,
261,2023,RK739_1,1,1,1,1,1,1,1,1,1,1,,,CC,
261,2024,RK739_1,1,1,1,1,1,1,1,1,1,1,1,1,CC,
262,2021,RK739_2,,,,,,,,1,1,1,1,1,CC,
262,2022,RK739_2,,,,,,,,,,,,,CC,
262,2023,RK739_2,,,,,,,,,,,,,CC,
262,2024,RK739_2,,,,,,,,,,,,,CC,
263,2021,RK739_3,,,,,,,,,,,,,CC,
263,2022,RK739_3,,,,,,,,,,,,,CC,
263,2023,RK739_3,1,1,1,1,1,,1,1,,1,,,CC,
263,2024,RK739_3,,,,,,1,,1,,,,,CC,
264,2021,RK739_4,,,,,,,,,,,,,CC,
264,2022,RK739_4,,1,1,1,1,1,1,1,1,1,1,1,CC,
264,2023,RK739_4,1,1,1,1,1,1,1,1,1,1,,,CC,
264,2024,RK739_4,1,1,,1,1,1,1,1,1,1,1,1,CC,
265,2021,RK739_5,1,1,1,1,1,1,1,1,1,1,1,1,CC,
265,2022,RK739_5,,,,,,,,,,,,,CC,
265,2023,RK739_5,,,,,,,,,,,,,CC,
265,2024,RK739_5,,,,,,,,,,,,,CC,
266,2021,RK741_0,1,1,1,1,1,1,1,1,1,,1,1,CC,
266,2022,RK741_0,1,1,1,1,,1,1,1,1,1,1,1,CC,
266,2023,RK741_0,1,1,1,1,1,1,1,1,1,1,1,1,CC,
266,2024,RK741_0,1,1,,1,1,1,,1,1,1,1,1,CC,
267,2021,RK741_1,1,,,,1,,,,1,,,,CC,
267,2022,RK741_1,,,,,,,,,,1,,1,CC,
267,2023,RK741_1,,,,,,,,,,1,,1,CC,
267,2024,RK741_1,1,1,1,1,1,1,1,1,,1,1,1,CC,
268,2021,RK741_2,,,,,,,,,,,,,CC,
268,2022,RK741_2,,,,,,,,,,,,,CC,
268,2023,RK741_2,,,,,,,,,,,,,CC,
268,2024,RK741_2,1,1,,,,,,,,,,,CC,
269,2021,RK742_0,1,1,1,,,,1,1,1,,,1,CC,
269,2022,RK742_0,1,1,1,1,1,1,1,1,1,1,,,CC,
269,2023,RK742_0,,,,,,1,,,1,,,1,CC,
269,2024,RK742_0,1,,1,,,,1,1,1,1,1,1,CC,
270,2021,RK742_1,1,1,1,1,1,1,1,1,,,,,CC,
270,2022,RK742_1,,,,,,,1,,,,,,CC,
270,2023,RK742_1,,,,,,,,,,,,,CC,
270,2024,RK742_1,,,,,,,,,,,,,CC,
271,2021,RK745_0,,1,1,1,1,1,1,1,1,1,1,,CC,
271,2022,RK745_0,,,1,,1,1,,1,,1,,1,CC,
271,2023,RK745_0,,,,,,,,,,,,,CC,
271,2024,RK745_0,,,,,,,,,,,,,CC,
272,2021,RK745_1,,1,1,1,,,1,,,1,,,CC,
272,2022,RK745_1,1,,,,1,,1,,1,1,1,1,CC,
272,2023,RK745_1,,,,,,,,,,,,,CC,
272,2024,RK745_1,,,,,,,,,,,,,CC,
273,2021,RK745_2,,,,,,,,,,,,,CC,
273,2022,RK745_2,,,,,,,,,,,,,CC,
273,2023,RK745_2,,1,,,1,1,1,1,1,1,,,CC,
273,2024,RK745_2,1,1,1,1,1,1,1,1,1,1,1,,CC,
274,2021,RK745_3,,,,,,,,,,,,,CC,
274,2022,RK745_3,,,,1,1,1,1,1,1,1,1,1,CC,
274,2023,RK745_3,1,1,1,1,1,,1,,,,,,CC,
274,2024,RK745_3,1,,,,1,,,,,,,,CC,
275,2021,RK747_0,,,,,,,,,,,,,CC,
275,2022,RK747_0,,,,,,,,,,,,,CC,
275,2023,RK747_0,,,,,,,,,,,,,CC,
275,2024,RK747_0,1,1,1,1,1,1,1,1,1,1,1,1,CC,
276,2021,RK747_1,,1,1,,,,,1,1,1,,1,CC,
276,2022,RK747_1,1,1,1,1,1,1,1,1,1,1,1,1,CC,
276,2023,RK747_1,,,,,,,,,,,,,CC,
276,2024,RK747_1,,,,,,,,,,,,,CC,
277,2021,RK747_2,,1,1,,,,1,1,1,,,1,CC,
277,2022,RK747_2,,,,,1,1,,1,1,1,1,,CC,
277,2023,RK747_2,,,,,,,,,,,,,CC,
277,2024,RK747_2,1,1,1,,,,,,,,1,1,CC,
278,2021,RK747_3,,,,,,,,,,1,,,CC,
278,2022,RK747_3,,1,,,,,,,,,,,CC,
278,2023,RK747_3,,,1,1,1,,1,1,1,1,1,1,CC,
278,2024,RK747_3,,,,,,,,,,,,,CC,
279,2021,RK747_4,1,1,1,1,1,1,1,1,1,1,1,1,CC,
279,2022,RK747_4,,,,,,,,,,,,,CC,
279,2023,RK747_4,,,,,,,,,,,,,CC,
279,2024,RK747_4,,,,,,,,,,,,,CC,
280,2021,RK747_5,,,,,,,,,,,,,CC,
280,2022,RK747_5,,1,1,1,1,1,,,,1,1,1,CC,
280,2023,RK747_5,,,,,,,,,,,,,CC,
280,2024,RK747_5,,,,,,,,,,,,,CC,
281,2021,RK749_0,,,,,,,,,,,,,CC,
281,2022,RK749_0,,,,,1,1,1,1,1,1,1,1,CC,
281,2023,RK749_0,,,,,,,,,,,,,CC,
281,2024,RK749_0,,,,,,,,,,,,,CC,
282,2021,RK749_1,,,,,,,,,,,,,CC,
282,2022,RK749_1,1,1,1,1,,1,,1,1,1,1,1,CC,
282,2023,RK749_1,,,,,,,,,,,,,CC,
282,2024,RK749_1,,,,,,,,,,,,,CC,
283,2021,RK749_2,,,,,,,,,,,,,CC,
283,2022,RK749_2,1,1,1,1,1,1,1,1,1,,1,1,CC,
283,2023,RK749_2,1,1,1,1,1,,,1,1,,,,CC,
283,2024,RK749_2,1,1,1,,,,,,,,,1,CC,
284,2021,RK752_0,,,,,,,,,,,,,CC,
284,2022,RK752_0,1,1,1,,,,,,1,1,1,1,CC,
284,2023,RK752_0,,,,,,1,1,1,,,,,CC,
284,2024,RK752_0,,,,,1,,,1,,,,,CC,
285,2021,RK752_1,,,,,,,,,,,,,CC,
285,2022,RK752_1,1,1,1,,1,,,1,,,1,1,CC,
285,2023,RK752_1,1,,1,,,,1,1,1,1,1,1,CC,
285,2024,RK752_1,,,,,,,,,,,,,CC,
286,2021,RK752_2,1,1,,1,,,1,,,,1,1,CC,
286,2022,RK752_2,,,,,,,,,,,,,CC,
286,2023,RK752_2,,,,,,,,,,,,,CC,
286,2024,RK752_2,,,,,,,,,,,,,CC,
287,2021,RK752_3,1,1,1,1,1,1,1,1,1,1,1,1,CC,
287,2022,RK752_3,1,1,1,1,1,1,1,1,1,1,1,1,CC,
287,2023,RK752_3,1,1,1,1,1,1,1,1,1,1,1,1,CC,
287,2024,RK752_3,1,1,1,1,1,1,1,1,1,1,1,1,CC,
288,2021,RK753_0,1,1,1,1,1,1,1,1,1,1,1,1,CC,
288,2022,RK753_0,1,1,1,1,1,1,1,1,1,1,1,1,CC,
288,2023,RK753_0,1,1,1,1,1,1,1,1,1,,,1,CC,
288,2024,RK753_0,,,,,,,,,,,,,CC,
289,2021,RK753_1,,,1,,1,1,1,1,1,,,1,CC,
289,2022,RK753_1,,,1,1,1,1,1,1,1,1,1,,CC,
289,2023,RK753_1,,,,,,,1,1,1,,,,CC,
289,2024,RK753_1,1,1,1,1,1,1,,1,1,1,1,,CC,
290,2021,RK758_1,,,,,,,,,,,,,CC,
290,2022,RK758_1,,,,,,,,,,,,,CC,
290,2023,RK758_1,,,,,,,,,,,,,CC,
290,2024,RK758_1,1,1,1,1,1,1,1,1,1,1,1,,CC,
291,2021,RK758_2,,,,1,,1,1,1,1,1,1,1,CC,
291,2022,RK758_2,1,,1,1,1,1,1,1,1,1,1,1,CC,
291,2023,RK758_2,1,1,1,1,1,1,1,1,1,1,1,1,CC,
291,2024,RK758_2,,,,,,,,,,,,,CC,
292,2021,RK758_4,,,1,1,1,1,,1,1,1,1,1,CC,
292,2022,RK758_4,,,1,,,,,,1,,1,,CC,
292,2023,RK758_4,,,,,,,,,,,,,CC,
292,2024,RK758_4,,,,,,,,,,,,,CC,
293,2021,RK758_7,,,,,,,,,,,,,CC,
293,2022,RK758_7,,,,,,,1,1,1,1,,,CC,
293,2023,RK758_7,,,,,,,,,,,,,CC,
293,2024,RK758_7,,,,,,,,,,,,,CC,
294,2021,RK759_0,,1,1,1,1,1,1,1,,1,1,1,CC,
294,2022,RK759_0,1,1,1,1,1,1,1,1,1,1,1,1,CC,
294,2023,RK759_0,1,,,,1,1,1,1,1,1,1,1,CC,
294,2024,RK759_0,,,1,1,1,1,1,1,1,1,1,1,CC,
295,2021,RK759_1,,,,,,,,,,,,,CC,
295,2022,RK759_1,,,,,,,,,,,,,CC,
295,2023,RK759_1,,,,,,,,,,,,,CC,
295,2024,RK759_1,,,,,,1,1,1,1,1,,1,CC,
296,2021,RK759_2,,1,,,1,1,1,1,1,1,1,1,CC,
296,2022,RK759_2,,,,,,,,,,,,,CC,
296,2023,RK759_2,,,,,,,,,,,,,CC,
296,2024,RK759_2,,,,,,,,,,,,,CC,
297,2021,RK760_0,1,1,1,1,1,1,1,1,,1,,,CC,
297,2022,RK760_0,,,,,,,,,,,,,CC,
297,2023,RK760_0,,,,,,,,,,,,,CC,
297,2024,RK760_0,,,,,,,,,,,,,CC,
298,2021,RK760_1,,1,1,1,1,1,1,1,,,,,CC,
298,2022,RK760_1,,,,,,,,,,,,,CC,
298,2023,RK760_1,,,,,,,,,,,,,CC,
298,2024,RK760_1,,,,,,,,,,,,,CC,
299,2021,RK760_2,,,,,,,,,,,,,CC,
299,2022,RK760_2,,,,,,,,,,,,,CC,
299,2023,RK760_2,1,1,1,1,1,1,1,1,1,1,1,1,CC,
299,2024,RK760_2,1,1,1,1,1,1,1,1,1,1,1,1,CC,
300,2021,RK760_3,,,,,,,,,,,,,CC,
300,2022,RK760_3,1,1,1,1,,1,,1,,1,1,,CC,
300,2023,RK760_3,,,,,,,,,,,,,CC,
300,2024,RK760_3,,,,,,,,,,,,,CC,
301,2021,RK760_4,,,,,,,,,,,,,CC,
301,2022,RK760_4,1,1,1,,1,1,1,1,1,1,1,1,CC,
301,2023,RK760_4,,1,,,,,1,1,1,1,1,1,CC,
301,2024,RK760_4,,,,,,,,,,,,,CC,the only clip here is a different song
302,2021,RK760_7,,,,,,1,,,,,,1,CC,
302,2022,RK760_7,,1,,,1,1,1,1,1,,,1,CC,
302,2023,RK760_7,,1,1,1,1,1,1,1,1,1,1,1,CC,
302,2024,RK760_7,1,1,1,1,1,,1,1,1,1,1,1,CC,
303,2021,RK888_0,,,,,,,,,,,,,CC,
303,2022,RK888_0,1,1,1,1,1,1,1,1,1,1,1,1,CC,
303,2023,RK888_0,1,1,1,,,1,,1,,,,1,CC,
303,2024,RK888_0,1,1,1,,1,1,1,,,1,1,,CC,
304,2021,RK888_1,,,1,1,1,1,1,1,1,1,1,,CC,
304,2022,RK888_1,,,,,,,,,,,,,CC,
304,2023,RK888_1,,,,,,,,,,,,,CC,
304,2024,RK888_1,,,,,,,,,,,,,CC,I think the single clip here is a different but similar song
305,2021,RK888_2,1,1,1,1,1,1,1,,,1,1,1,CC,
305,2022,RK888_2,,,1,1,1,1,1,1,1,1,1,,CC,
305,2023,RK888_2,,1,1,,1,,1,,1,,,,CC,
305,2024,RK888_2,,,1,1,1,,1,1,1,1,,,CC,
306,2021,RK890_0,1,1,1,1,1,1,1,1,1,1,1,1,CC,
306,2022,RK890_0,1,1,1,1,1,1,1,1,1,1,1,1,CC,
306,2023,RK890_0,,,,,,,,,,,,,CC,
306,2024,RK890_0,,,,,,,,,,,,,CC,
307,2021,RK890_2,,,,,,1,,1,,,,,CC,
307,2022,RK890_2,,,,,,,,,,,,,CC,
307,2023,RK890_2,1,1,1,,1,1,1,1,1,1,1,1,CC,
307,2024,RK890_2,,,,,,,,,,,,,CC,
308,2021,RK890_3,,,,,,,,,,,,,CC,
308,2022,RK890_3,,,,,,,,,,,,,CC,
308,2023,RK890_3,1,1,1,1,1,1,1,1,1,1,1,1,CC,
308,2024,RK890_3,1,1,1,,,,1,1,1,1,1,1,CC,
309,2021,RK893_0,1,1,1,1,,,,1,1,1,1,1,CC,
309,2022,RK893_0,1,1,1,1,1,,,,1,,1,1,CC,
309,2023,RK893_0,1,1,1,1,1,1,1,1,1,1,1,1,CC,
309,2024,RK893_0,1,1,1,1,1,,1,,,1,1,1,CC,
310,2021,RK893_1,1,,,1,,1,1,1,1,1,1,1,CC,
310,2022,RK893_1,1,1,1,1,1,,1,1,,1,1,1,CC,
310,2023,RK893_1,1,1,1,1,1,1,1,,1,1,1,,CC,
310,2024,RK893_1,,,,,,,,,,,,,CC,
311,2021,RK893_5,1,1,,1,1,1,,1,,,,,CC,
311,2022,RK893_5,1,1,1,1,1,1,,,,,,,CC,
311,2023,RK893_5,1,1,1,,,,,,,,,,CC,
311,2024,RK893_5,1,1,1,1,1,,1,1,,,,,CC,
312,2021,RK895_0,,,,,,,,,,,,,CC,
312,2022,RK895_0,1,1,1,,1,,1,1,1,,1,1,CC,
312,2023,RK895_0,1,1,1,1,1,1,1,1,1,1,,1,CC,
312,2024,RK895_0,,1,1,1,1,1,,1,,1,1,1,CC,
313,2021,RK902_0,,,,,,,,,,,,,CC,
313,2022,RK902_0,1,,1,1,,,,1,,1,1,1,CC,
313,2023,RK902_0,,,,,,,,,,,,,CC,
313,2024,RK902_0,,,,,,,,,,,,,CC,
314,2021,RK902_1,,,,,,,,,,,,,CC,"poor quality clips, I think they are a different bird but I could be wrong"
314,2022,RK902_1,1,1,1,1,1,1,1,1,1,1,1,1,CC,
314,2023,RK902_1,1,1,1,1,,1,,1,1,1,1,,CC,
314,2024,RK902_1,,,1,1,1,,,,,,,,CC,
315,2021,RK902_2,,,,,,,,,,,,,CC,
315,2022,RK902_2,,,,,,,,,,,,,CC,
315,2023,RK902_2,,,,,,,,,,,,,CC,
315,2024,RK902_2,1,1,1,1,1,1,1,,,1,1,,CC,
316,2021,RK902_4,,,,,,,,,,,,,CC,
316,2022,RK902_4,,1,1,1,,1,1,1,1,,1,1,CC,
316,2023,RK902_4,,1,,,,,,,,1,1,,CC,
316,2024,RK902_4,,,,,,,,,,,,,CC,
317,2021,RK906_0,,,,,,,,,,,,,CC,single clip is a different bird
317,2022,RK906_0,,,,,,,,,,,,,CC,single clip is a different bird
317,2023,RK906_0,,1,1,1,1,1,1,1,1,1,1,1,CC,
317,2024,RK906_0,1,1,1,,1,1,,1,1,1,1,,CC,05/21 looks like a different bird
318,2021,RK906_1,,,,,,,,,1,,1,1,CC,second clip for the verified cluster clips does not belong
318,2022,RK906_1,1,1,,,,,1,1,1,1,1,1,CC,second clip for the verified cluster clips does not belong
318,2023,RK906_1,,,1,,1,,,1,,,,,CC,"second clip for the verified cluster clips does not belong, 2023-05-18 is this same clip"
318,2024,RK906_1,,,,,,,,,,,,,CC,second clip for the verified cluster clips does not belong. Only clip for 2024 is different song
319,2021,RK906_2,,,,,,,,,,,,,CC,
319,2022,RK906_2,,,,,,,,,,,,,CC,
319,2023,RK906_2,1,1,1,1,,,1,,1,,,1,CC,
319,2024,RK906_2,1,1,1,1,,,1,1,1,1,1,,CC,
320,2021,RK908_0,,,,,,,,,,,,,CC,
320,2022,RK908_0,,,,,,,,,,,,,CC,
320,2023,RK908_0,,,,,,,,,,,,,CC,
320,2024,RK908_0,1,1,1,1,1,1,1,1,1,1,1,1,CC,
321,2021,RK908_1,,,,,,,,,,,,,CC,
321,2022,RK908_1,1,1,1,1,1,1,1,1,1,,1,1,CC,
321,2023,RK908_1,,,,,,,,,,,,,CC,
321,2024,RK908_1,,,,,,,,,,,,,CC,
322,2021,RK908_2,1,1,1,1,1,1,1,1,,1,1,1,CC,
322,2022,RK908_2,,,,,,,,,,,,,CC,
322,2023,RK908_2,,,,,,,,,,,,,CC,single clip is clearly a different song
322,2024,RK908_2,,,,,,,,,,,,,CC,
323,2021,RK908_3,,,,,,,,,,,,,CC,5th clip in the verified top row does not match. Different bird in 2021
323,2022,RK908_3,,,,,,,,,,,,,CC,5th clip in the verified top row does not match
323,2023,RK908_3,1,1,,1,1,1,1,1,1,1,1,1,CC,5th clip in the verified top row does not match
323,2024,RK908_3,1,1,1,1,1,,1,,,,1,,CC,5th clip in the verified top row does not match
324,2021,RK910_0,1,1,1,1,1,1,,,,,,1,CC,
324,2022,RK910_0,,,,,,,,,,,,,CC,
324,2023,RK910_0,,,,,,,,,,,,,CC,
324,2024,RK910_0,,,,,,,,,,,,,CC,
325,2021,RK910_2,,,,,,,,,,,,,CC,
325,2022,RK910_2,,,,,,,,,,,,,CC,
325,2023,RK910_2,1,1,1,1,1,1,1,1,1,1,1,1,CC,
325,2024,RK910_2,,1,,,,1,,,1,,,1,CC,
326,2021,RK910_3,,,,,,,,,,,,,CC,
326,2022,RK910_3,,,1,1,1,1,,,1,1,1,1,CC,
326,2023,RK910_3,,,,,1,,,,,,,,CC,
326,2024,RK910_3,1,1,1,1,1,1,1,1,1,1,1,,CC,
327,2021,RK910_4,,,,,,,,,,,,,CC,
327,2022,RK910_4,1,1,1,1,1,1,1,1,1,1,1,1,CC,
327,2023,RK910_4,,,,,,,,,,,,,CC,
327,2024,RK910_4,,,1,,,,,,,,,,CC,
328,2021,RK913_0,,,,,,,,,,,,,CC,
328,2022,RK913_0,1,,1,,,1,1,1,1,,1,,CC,
328,2023,RK913_0,,,,1,,1,,,,1,,,CC,
328,2024,RK913_0,,,,,,,,,,,,,CC,
329,2021,RK913_1,1,1,1,1,1,1,1,,1,1,1,1,CC,
329,2022,RK913_1,1,1,1,1,1,,,1,1,1,1,,CC,
329,2023,RK913_1,1,1,1,,1,1,1,1,1,1,1,1,CC,
329,2024,RK913_1,1,1,,1,1,1,1,1,,1,1,1,CC,
330,2021,RK917_0,1,1,1,1,1,1,1,1,,,,1,CC,
330,2022,RK917_0,1,1,1,1,1,1,1,,1,,1,1,CC,
330,2023,RK917_0,,1,1,1,1,1,1,1,1,1,1,1,CC,
330,2024,RK917_0,1,1,1,1,1,1,1,1,1,1,1,1,CC,
331,2021,RK920_0,,,,,,,,,,,,,CC,
331,2022,RK920_0,1,1,1,1,1,1,1,1,1,1,1,1,CC,
331,2023,RK920_0,,,,,,,,,,,,,CC,
331,2024,RK920_0,,,,,,,,,,,,,CC,
332,2021,RK920_1,,1,1,1,,,,,,,,,CC,
332,2022,RK920_1,,,,,,,,,,,,,CC,
332,2023,RK920_1,1,,1,1,1,1,,1,,1,1,,CC,
332,2024,RK920_1,,,,,,,,,,,,,CC,
333,2021,RK920_2,1,1,1,1,1,1,1,1,1,1,1,1,TR,
333,2022,RK920_2,,,,,,,,,,,,,TR,
333,2023,RK920_2,1,1,1,1,,1,1,1,1,1,1,1,TR,
333,2024,RK920_2,1,1,1,1,1,1,1,1,1,1,1,1,TR,
334,2021,RK920_3,,,,,,,,,,,,,TR,
334,2022,RK920_3,,,,,,,,,,,,,TR,
334,2023,RK920_3,,,,1,1,1,1,1,1,1,1,1,TR,
334,2024,RK920_3,1,1,1,1,1,1,1,1,1,1,1,1,TR,
335,2021,RK920_6,1,1,1,1,1,1,1,1,1,1,1,1,TR,
335,2022,RK920_6,,,,,,1,,,,,,,TR,
335,2023,RK920_6,1,1,1,1,1,1,1,,1,,,,TR,
335,2024,RK920_6,,,,,,,,,,,,,TR,
336,2021,RK921_0,,,,,,,,,,,,,TR,OVEN on 5/21 not the same 
336,2022,RK921_0,1,1,1,,,1,,1,1,1,1,1,TR,
336,2023,RK921_0,1,1,,,,1,1,1,,,,,TR,
336,2024,RK921_0,,,,,,,,,,,,,TR,
337,2021,RK921_1,,,,,,,,,,,,,TR,
337,2022,RK921_1,,,,,1,,,,,,,,TR,
337,2023,RK921_1,,,,,,,,,1,,,,TR,
337,2024,RK921_1,1,,,,,1,,,,1,,1,TR,
338,2021,RK921_2,1,1,1,1,1,1,1,1,,1,1,1,TR,
338,2022,RK921_2,,1,1,,,,,,1,,1,,TR,
338,2023,RK921_2,,,,,,,,,,,,,TR,
338,2024,RK921_2,1,1,1,1,1,1,,1,,,1,1,TR,
339,2021,RK923_0,,,,,,1,1,1,,,,,TR,
339,2022,RK923_0,,,,,,,,,,,,,TR,
339,2023,RK923_0,,,,,,,,,,,,,TR,
339,2024,RK923_0,,,,,,,,,,,,,TR,
340,2021,RK924_0,,1,1,1,1,,1,1,1,1,1,1,TR,
340,2022,RK924_0,1,1,1,1,1,1,,1,1,1,1,,TR,
340,2023,RK924_0,,,,,,,,,,,,,TR,
340,2024,RK924_0,,,,,,,,,,,,,TR,
341,2021,RK924_2,,1,,1,,1,1,1,,1,,,TR,
341,2022,RK924_2,,,,,,,,,,,,,TR,
341,2023,RK924_2,,1,,1,1,1,1,1,1,,1,,TR,
341,2024,RK924_2,,,,,,,,,,,,,TR,
342,2021,RK924_4,,,,,,,,,,,,,TR,
342,2022,RK924_4,,,,,,,,,,,,,TR,
342,2023,RK924_4,1,1,1,1,,,,1,1,1,1,1,TR,
342,2024,RK924_4,1,1,1,,,,1,1,1,,,1,TR,
343,2021,RK924_5,,,,,,,,,,,,,TR,
343,2022,RK924_5,,,,,,,,,,,,,TR,
343,2023,RK924_5,,,,,,,,,,,,,TR,
343,2024,RK924_5,1,1,1,1,1,1,1,1,1,1,1,1,TR,
344,2021,RK924_6,,,,,,,,,,,,,TR,
344,2022,RK924_6,1,1,1,1,1,1,1,1,1,1,1,1,TR,
344,2023,RK924_6,,,,,,,,,,,,,TR,
344,2024,RK924_6,,,,,,,,,,,,,TR,
345,2021,RK924_7,1,,,,,,1,1,,1,,,TR,
345,2022,RK924_7,,,1,1,,,,,,,,1,TR,Iffy on some of these (I did not include them)
345,2023,RK924_7,,,,,,,,,,,,,TR,
345,2024,RK924_7,,,,,,,,,,,,,TR,
346,2021,RK929_0,,,,,,,,,,,,,TR,
346,2022,RK929_0,1,1,1,1,1,,,,,,,,TR,
346,2023,RK929_0,1,1,1,1,1,1,,1,1,1,1,1,TR,
346,2024,RK929_0,,,1,,1,,,,,,,,TR,
347,2021,RK929_1,1,1,1,1,1,1,1,1,1,1,,1,TR,
347,2022,RK929_1,,,,,,,,,,,,,TR,
347,2023,RK929_1,,,,,,,,,,,,,TR,
347,2024,RK929_1,,,,,,,,,,,,,TR,
348,2021,RK929_2,1,1,1,1,1,1,1,,,1,1,1,TR,
348,2022,RK929_2,1,1,1,1,1,1,1,1,1,1,,,TR,
348,2023,RK929_2,,,,,,,,,,,,,TR,
348,2024,RK929_2,,,,,,,,,,,,,TR,
349,2021,RK929_3,,,,,,,,,,,,,TR,
349,2022,RK929_3,,,,,,,,,,,,,TR,Don't think this is the same individual
349,2023,RK929_3,1,1,,,,1,1,,,1,,1,TR,
349,2024,RK929_3,,,,,,,,,,,,,TR,
350,2021,RK929_4,,,,,,,,,,,,,TR,
350,2022,RK929_4,,1,1,1,1,,1,1,1,,1,1,TR,
350,2023,RK929_4,,1,,,,,,,,,,,TR,
350,2024,RK929_4,,,,,,,,,,,,,TR,
351,2021,RK931_0,,,,,,,,,,,,,TR,I don't think this is the same bird as the annotated examples
351,2022,RK931_0,,,,,,,,,,,,,TR,
351,2023,RK931_0,,,,,,,,,,,,,TR,
351,2024,RK931_0,,,1,1,1,1,1,1,1,,1,1,TR,
352,2021,RK931_1,,,,,,,,,,,,,TR,
352,2022,RK931_1,,,,,,,,,,,,,TR,
352,2023,RK931_1,1,1,1,,1,,,,1,1,,1,TR,
352,2024,RK931_1,1,,,,,1,1,,,,,,TR,
353,2021,RK931_2,,,,,,,,,,,,,TR,"Not convinced this is the same bird as the annotated examples, could be same as RK931_0_2021?"
353,2022,RK931_2,1,1,1,1,1,1,1,1,1,1,1,1,TR,This is the annotated individual
353,2023,RK931_2,,,,,,,,,,,,,TR,"Not convinced this is the same bird as the annotated examples, could be same as RK931_0_2021?"
353,2024,RK931_2,,,,,,,,,,,,,TR,
354,2021,RK931_3,,,,,,,,,,,,,TR,
354,2022,RK931_3,,,,,,,,,,,,,TR,
354,2023,RK931_3,,,,,,,,,,,,,TR,
354,2024,RK931_3,,,,,1,1,1,1,1,1,1,1,TR,
355,2021,RK934_0,,,,1,1,,1,,,,,,TR,
355,2022,RK934_0,,,,,,,,,,,,,TR,
355,2023,RK934_0,,,,,,,,,,,,,TR,
355,2024,RK934_0,,,,,,,,,,,,,TR,
356,2021,RK935_0,,,1,,,,,,,,,,TR,
356,2022,RK935_0,1,1,1,1,1,1,1,1,1,1,1,1,TR,
356,2023,RK935_0,1,1,1,,1,1,1,1,,,,1,TR,
356,2024,RK935_0,,,,,,,,,,,,,TR,
357,2021,RK935_1,1,1,1,1,1,1,1,1,1,1,1,1,TR,
357,2022,RK935_1,1,1,1,1,1,1,1,,1,1,,,TR,Not convinced 5/16-5/18 are same individual
357,2023,RK935_1,1,1,1,1,1,1,1,1,1,,1,,TR,
357,2024,RK935_1,1,1,,1,1,,,1,,,1,1,TR,
358,2021,RK936_0,1,,,1,1,1,1,,,,,,TR,
358,2022,RK936_0,,,,,1,,1,1,1,1,1,1,TR,
358,2023,RK936_0,,,,,,,,,,,,,TR,
358,2024,RK936_0,,,,,,,,,,,,,TR,
359,2021,RK936_1,,,,,,,,,,,,,TR,
359,2022,RK936_1,,,,,,,1,1,1,1,1,1,TR,
359,2023,RK936_1,1,,1,,,1,,,,,,,TR,
359,2024,RK936_1,,,,,,,,,,,,,TR,
360,2021,RK943_0,,,,,,,,,,,,,TR,
360,2022,RK943_0,1,1,1,1,,,1,,1,1,1,1,TR,
360,2023,RK943_0,,,,,,,,,,,,,TR,
360,2024,RK943_0,,,,,,,,,,,,,TR,
361,2021,RK943_1,,,,,,,,,,,,,TR,
361,2022,RK943_1,,,,,,,,,,,,,TR,
361,2023,RK943_1,,,,,,,,,,,,,TR,
361,2024,RK943_1,1,1,1,,1,1,1,,,1,1,1,TR,
362,2021,RK944_0,,,,,,,,,,,,,TR,
362,2022,RK944_0,,,,,,,,,,,,,TR,
362,2023,RK944_0,1,1,1,,1,1,1,,1,1,1,1,TR,
362,2024,RK944_0,,,,,,,,,,,,,TR,
363,2021,RK944_1,1,1,1,1,1,1,,,,,1,1,TR,
363,2022,RK944_1,,,,,,,,,,,,,TR,
363,2023,RK944_1,,,,,,,,,,,,,TR,
363,2024,RK944_1,,,,,,,,,,,,,TR,
364,2021,RK944_2,,,,,,,,,,,,,TR,
364,2022,RK944_2,,,,,,,1,1,,1,1,1,TR,This is the annotated individual
364,2023,RK944_2,,,,,,,,,,,,,TR,
364,2024,RK944_2,,,,,,,,,,,,,TR,I think this is a different individual from the one in 2022
365,2021,RK944_3,,,,,,,,,,,,,TR,
365,2022,RK944_3,,,,1,1,1,1,1,1,1,1,1,TR,
365,2023,RK944_3,1,1,1,1,1,1,1,1,1,1,1,1,TR,
365,2024,RK944_3,1,,,1,1,1,1,1,1,1,1,1,TR,
366,2021,RK949_0,1,1,1,1,1,1,1,1,1,1,1,1,TR,
366,2022,RK949_0,1,1,1,1,1,1,1,1,1,1,,1,TR,
366,2023,RK949_0,1,1,1,1,1,1,1,1,1,1,1,1,TR,
366,2024,RK949_0,1,1,1,1,1,1,1,1,1,1,1,1,TR,
367,2021,RK954_0,1,,,,,,1,1,,,1,,TR,
367,2022,RK954_0,,,,,,,,,,,,,TR,
367,2023,RK954_0,,,,,,,,,,,,,TR,
367,2024,RK954_0,,,,,,,,,,,,,TR,
368,2021,RK955_1,,,,,,,,,,,,,TR,
368,2022,RK955_1,,,,,,,,,,,,,TR,
368,2023,RK955_1,1,1,1,1,,,1,,,,,,TR,
368,2024,RK955_1,,,,,,,,,,,,,TR,
369,2021,RK958_0,,,,,,,,,,,,,TR,
369,2022,RK958_0,1,1,1,1,1,1,1,1,1,1,1,1,TR,
369,2023,RK958_0,,1,1,1,1,,1,1,,,1,1,TR,
369,2024,RK958_0,,,1,,,1,,1,,,1,,TR,
370,2021,RK958_1,,,,,,,,,,,,,SL,
370,2022,RK958_1,1,1,1,1,1,1,1,1,1,1,1,1,SL,
370,2023,RK958_1,1,1,1,1,1,,,1,,,,,SL,
370,2024,RK958_1,1,1,1,,,1,1,,,,,1,SL,
371,2021,RK958_2,,,,,,,,,,,,,SL,
371,2022,RK958_2,,,,,,,,,,,,,SL,
371,2023,RK958_2,1,1,1,1,1,1,1,,,1,1,,SL,
371,2024,RK958_2,,,,,,,,,,,,,SL,
372,2021,RK958_3,,,,,,,,,,,,,SL,
372,2022,RK958_3,,,,1,,1,,1,1,,,,SL,
372,2023,RK958_3,1,,,1,1,1,1,1,1,1,1,1,SL,
372,2024,RK958_3,1,1,,,,,,,,,,,SL,
373,2021,RK958_5,,,,,,,,,,,,,SL,
373,2022,RK958_5,1,,,,,,,,,,,,SL,
373,2023,RK958_5,,,,,,,,,,,,,SL,
373,2024,RK958_5,1,1,1,1,1,1,1,,1,1,1,1,SL,
374,2021,RK958_6,1,1,1,1,1,1,1,1,1,1,1,1,SL,
374,2022,RK958_6,,,,,,,,,,,,,SL,
374,2023,RK958_6,,,,,,,,,,,,,SL,
374,2024,RK958_6,,,,,,,,,,,,,SL,
375,2021,RK958_7,1,1,,1,1,1,1,1,1,1,1,1,SL,
375,2022,RK958_7,,,,,,,,,,,,,SL,
375,2023,RK958_7,,,,,,,,,,,,,SL,
375,2024,RK958_7,,,,,,,,,,,,,SL,
376,2021,RK961_0,,1,1,1,1,1,1,1,1,1,,1,SL,
376,2022,RK961_0,,,,,,,,,,,,,SL,
376,2023,RK961_0,,,,,,,,,,,,,SL,
376,2024,RK961_0,,,,,,,,,,,,,SL,
377,2021,RK961_2,,,,,,,,,,,,,SL,
377,2022,RK961_2,1,1,,,1,1,,1,,,,,SL,
377,2023,RK961_2,1,1,1,1,1,,,1,1,,1,,SL,
377,2024,RK961_2,,,,,,,,,,,,,SL,
378,2021,RK961_3,,,,,,,,,,,,,SL,
378,2022,RK961_3,,,,,,,,,,,,,SL,
378,2023,RK961_3,,,,,,,,,,,,,SL,
378,2024,RK961_3,1,1,,1,1,1,,1,1,1,1,1,SL,
379,2021,RK962_0,,,,,,,,,,,,,SL,
379,2022,RK962_0,,,,,,,,,,,,,SL,
379,2023,RK962_0,,,,,,,,,,,,,SL,
379,2024,RK962_0,,,1,,1,1,1,1,1,,,,SL,
380,2021,RK962_2,1,1,1,1,1,,1,,,1,1,1,SL,
380,2022,RK962_2,1,1,,1,1,,,1,,1,,,SL,
380,2023,RK962_2,,,,1,,,1,1,,,,,SL,
380,2024,RK962_2,,1,1,,1,,1,1,,,1,,SL,
381,2021,RK964_0,1,1,1,1,1,1,1,,,,1,,SL,
381,2022,RK964_0,,,,,,,,,,,,,SL,
381,2023,RK964_0,,,,,,,,,,,,,SL,
381,2024,RK964_0,,,,,,,,,,,,,SL,
382,2021,RK964_1,1,1,1,1,1,1,1,1,1,1,1,1,SL,
382,2022,RK964_1,1,1,1,1,1,1,1,1,1,1,1,1,SL,
382,2023,RK964_1,1,1,1,1,1,1,1,1,1,,,,SL,
382,2024,RK964_1,,,1,,1,1,,1,1,,,,SL,
383,2021,RK964_3,,,,,,,,,,,,,SL,
383,2022,RK964_3,,,,,,,,,,,,,SL,
383,2023,RK964_3,,,,,,,,,,,,,SL,
383,2024,RK964_3,,,1,,,,1,,,1,1,1,SL,
384,2021,RK964_4,1,1,,1,1,,1,1,1,,1,1,SL,
384,2022,RK964_4,1,1,1,1,1,1,1,1,1,1,1,1,SL,
384,2023,RK964_4,1,1,1,1,1,1,,1,,1,,,SL,
384,2024,RK964_4,,,,,,,,,,,,,SL,
385,2021,RK966_0,,,,,,,,,,,,,SL,
385,2022,RK966_0,,,,,,,,,,,1,,SL,
385,2023,RK966_0,,,,,,1,,,,,,,SL,
385,2024,RK966_0,,,1,,,,1,,,,1,,SL,
386,2021,RK966_1,1,1,1,,1,1,1,1,1,,,,SL,
386,2022,RK966_1,,1,1,1,,,,1,1,,1,,SL,
386,2023,RK966_1,,1,1,,1,1,1,1,1,1,,,SL,
386,2024,RK966_1,,1,1,1,1,1,1,1,,,1,,SL,
387,2021,RK974_0,,,,,,,1,,,,,,SL,
387,2022,RK974_0,,,,,,,,,,,,1,SL,
387,2023,RK974_0,,,,,,,,,,,,,SL,
387,2024,RK974_0,,,,1,,,,,,,,,SL,
388,2021,RK974_1,1,1,,,1,1,,,1,,,,SL,
388,2022,RK974_1,,,,,,,,,,,,,SL,
388,2023,RK974_1,1,1,1,1,1,1,1,,,,,,SL,
388,2024,RK974_1,,1,,1,1,1,1,1,1,1,,1,SL,
389,2021,RK976_0,,,,,,,,,,,,,SL,
389,2022,RK976_0,,,,,,,,,,,,,SL,
389,2023,RK976_0,,,,,,,,,,,,,SL,
389,2024,RK976_0,,,1,1,1,1,1,1,,,,,SL,
390,2021,RK976_1,,,,,,,,,,,,,SL,
390,2022,RK976_1,,,,,,,,,,,,,SL,
390,2023,RK976_1,,,,,,,,,,,,,SL,
390,2024,RK976_1,,,,,,,,,,1,1,1,SL,
391,2021,RK976_2,,,,,,,,,,,,,SL,
391,2022,RK976_2,,,,,,,,,,,,,SL,
391,2023,RK976_2,,,,,,,,,,,,,SL,
391,2024,RK976_2,,,,,,,,,1,1,1,1,SL,
392,2021,RK976_3,1,1,1,1,1,1,1,1,1,1,1,,SL,
392,2022,RK976_3,,,,,,,,,,,,,SL,
392,2023,RK976_3,,,,,,,,,,,,,SL,
392,2024,RK976_3,,,,,,,,,,,,,SL,
393,2021,RK976_4,,,,,,,,,,,,,SL,
393,2022,RK976_4,1,1,1,1,1,1,1,,,,,,SL,
393,2023,RK976_4,1,1,1,1,1,1,1,1,1,1,,,SL,
393,2024,RK976_4,,,,,,,,,,,,,SL,
394,2021,RK976_5,1,1,1,1,,,,,,1,,,SL,
394,2022,RK976_5,1,1,1,1,1,,1,,,,,,SL,
394,2023,RK976_5,,,,,,,,,,,,,SL,
394,2024,RK976_5,,,,,,,,,,,,,SL,
395,2021,RK983_0,,,,,,,,,,,,,SL,"very similar to 2024 bird, but I think its different"
395,2022,RK983_0,,,,,,,,,,,,,SL,
395,2023,RK983_0,,,,,,,,,,,,,SL,
395,2024,RK983_0,1,1,1,1,1,1,1,1,1,1,1,1,SL,
396,2021,RK983_2,,,,,,,,,,,,,SL,
396,2022,RK983_2,,,1,1,,,1,1,1,,1,,SL,
396,2023,RK983_2,,,1,1,,,1,1,1,,1,,SL,
396,2024,RK983_2,1,1,1,1,1,1,1,,,1,1,,SL,
397,2021,RK984_1,,,,,,,,,,,,,SL,
397,2022,RK984_1,,,,,,,,,,,,,SL,
397,2023,RK984_1,,,,,,,,,1,1,,,SL,
397,2024,RK984_1,1,1,1,1,,,1,1,1,,1,1,SL,
398,2021,RK986_0,,,,,,,,,,,,,SL,
398,2022,RK986_0,,,,,,,,,,,,,SL,
398,2023,RK986_0,,,,,,,,,,,,,SL,
398,2024,RK986_0,1,1,1,1,1,1,1,1,,1,1,1,SL,
399,2021,RK986_1,1,1,1,1,1,1,1,1,1,1,1,1,SL,
399,2022,RK986_1,,,,,,,,,,,,,SL,
399,2023,RK986_1,,,,,,,,,,,,,SL,
399,2024,RK986_1,,,,,,,,,,,,,SL,
400,2021,RK986_2,,,,,,,,,,,,,SL,
400,2022,RK986_2,,,,,,,,,,,,,SL,
400,2023,RK986_2,,,,,,,1,1,1,,,,SL,
400,2024,RK986_2,,,,,,,,,,,,,SL,
401,2021,RK986_3,,,,,,,,,,,,,SL,
401,2022,RK986_3,,,,,,,,,,,,,SL,
401,2023,RK986_3,1,,,,1,1,1,1,1,1,1,1,SL,
401,2024,RK986_3,,,,,,,,,,,,,SL,
402,2021,RK986_4,,,,,,,,,,,,,SL,
402,2022,RK986_4,1,1,1,1,1,,1,1,1,1,1,,SL,
402,2023,RK986_4,,,,,,,,,,,,,SL,
402,2024,RK986_4,,,,,,,,,,,,,SL,
403,2021,RK990_0,1,1,1,1,1,1,1,1,1,1,1,1,SL,
403,2022,RK990_0,1,1,1,1,1,1,1,1,,1,,1,SL,
403,2023,RK990_0,1,1,1,1,1,,,,,1,,1,SL,
403,2024,RK990_0,,,,,,,,,,,,,SL,
404,2021,RK990_1,1,1,1,1,1,1,1,1,1,1,1,1,SL,
404,2022,RK990_1,,,1,,,1,,,,,,,SL,
404,2023,RK990_1,,1,,,1,1,,,1,,,,SL,
404,2024,RK990_1,1,1,1,1,1,1,1,1,,1,1,1,SL,